<?xml version="1.0" encoding="UTF-8"?>
<metadata xml:lang="en"><Esri><CreaDate>20240822</CreaDate><CreaTime>09311100</CreaTime><ArcGISFormat>1.0</ArcGISFormat><SyncOnce>TRUE</SyncOnce><DataProperties><lineage><Process ToolSource="c:\program files\arcgis\pro\Resources\ArcToolbox\toolboxes\Data Management Tools.tbx\CopyFeatures" Date="20240822" Time="093111">CopyFeatures "CFA Brigade Response Boundaries" "C:\Users\alexanderj\Documents\Repos\spatial_layers\CFA Brigade Response Boundaries.shp" # # # #</Process></lineage></DataProperties></Esri></metadata>
