<metadata xml:lang="en"><Esri><CreaDate>20240313</CreaDate><CreaTime>14153800</CreaTime><ArcGISFormat>1.0</ArcGISFormat><SyncOnce>FALSE</SyncOnce><DataProperties><itemProps><itemName Sync="TRUE">VFRR_R_Data</itemName><imsContentType Sync="TRUE">002</imsContentType><itemLocation><linkage Sync="TRUE">file://\\CEQ1X2XNL3\C$\strategic_services\VFRR_R_Data.shp</linkage><protocol Sync="TRUE">Local Area Network</protocol></itemLocation><itemSize Sync="TRUE">0.000</itemSize></itemProps><coordRef><type Sync="TRUE">Geographic</type><geogcsn Sync="TRUE">GCS_GDA_1994</geogcsn><csUnits Sync="TRUE">Angular Unit: Degree (0.017453)</csUnits><peXml Sync="TRUE">&lt;GeographicCoordinateSystem xsi:type='typens:GeographicCoordinateSystem' xmlns:xsi='http://www.w3.org/2001/XMLSchema-instance' xmlns:xs='http://www.w3.org/2001/XMLSchema' xmlns:typens='http://www.esri.com/schemas/ArcGIS/3.2.0'&gt;&lt;WKT&gt;GEOGCS[&amp;quot;GCS_GDA_1994&amp;quot;,DATUM[&amp;quot;D_GDA_1994&amp;quot;,SPHEROID[&amp;quot;GRS_1980&amp;quot;,6378137.0,298.257222101]],PRIMEM[&amp;quot;Greenwich&amp;quot;,0.0],UNIT[&amp;quot;Degree&amp;quot;,0.0174532925199433],AUTHORITY[&amp;quot;EPSG&amp;quot;,4283]]&lt;/WKT&gt;&lt;XOrigin&gt;-400&lt;/XOrigin&gt;&lt;YOrigin&gt;-400&lt;/YOrigin&gt;&lt;XYScale&gt;11258999068426.238&lt;/XYScale&gt;&lt;ZOrigin&gt;-100000&lt;/ZOrigin&gt;&lt;ZScale&gt;10000&lt;/ZScale&gt;&lt;MOrigin&gt;-100000&lt;/MOrigin&gt;&lt;MScale&gt;10000&lt;/MScale&gt;&lt;XYTolerance&gt;8.983152841195215e-09&lt;/XYTolerance&gt;&lt;ZTolerance&gt;0.001&lt;/ZTolerance&gt;&lt;MTolerance&gt;0.001&lt;/MTolerance&gt;&lt;HighPrecision&gt;true&lt;/HighPrecision&gt;&lt;LeftLongitude&gt;-180&lt;/LeftLongitude&gt;&lt;WKID&gt;4283&lt;/WKID&gt;&lt;LatestWKID&gt;4283&lt;/LatestWKID&gt;&lt;/GeographicCoordinateSystem&gt;</peXml></coordRef><lineage><Process ToolSource="c:\program files\arcgis\pro\Resources\ArcToolbox\toolboxes\Conversion Tools.tbx\ExportFeatures" Date="20240313" Time="141540">ExportFeatures AssetPolygons J:\oneoffjobs\data\20240301000_SmokeAlarm\SmokeAlarm_March2024.gdb\VFRRR_Polys_March_2024_Newer # NOT_USE_ALIAS "GISUID "GISUID" true true false 50 Text 0 0,First,#,AssetPolygons,AssetPolygons.GISUID,0,50;SHAPE_Length "SHAPE_Length" false true true 8 Double 0 0,First,#,AssetPolygons,AssetPolygons.SHAPE_Length,-1,-1;SHAPE_Area "SHAPE_Area" false true true 8 Double 0 0,First,#,AssetPolygons,AssetPolygons.SHAPE_Area,-1,-1;OBJECTID "OBJECTID" false true false 4 Long 0 9,First,#,AssetPolygons,VFRRSAssets.OBJECTID,-1,-1;NSUID "NSUID" true true false 50 Text 0 0,First,#,AssetPolygons,VFRRSAssets.NSUID,0,50;GISUID_FK "GISUID_FK" true true false 50 Text 0 0,First,#,AssetPolygons,VFRRSAssets.GISUID_FK,0,50;AssetID "AssetID" true true false 50 Text 0 0,First,#,AssetPolygons,VFRRSAssets.AssetID,0,50;AssetName "AssetName" true true false 200 Text 0 0,First,#,AssetPolygons,VFRRSAssets.AssetName,0,200;Address "Address" true true false 500 Text 0 0,First,#,AssetPolygons,VFRRSAssets.Address,0,500;AssetClass "AssetClass" true true false 4 Long 0 0,First,#,AssetPolygons,VFRRSAssets.AssetClass,-1,-1;AssetSubclass "AssetSubclass" true true false 10 Text 0 0,First,#,AssetPolygons,VFRRSAssets.AssetSubclass,0,10;TownshipSuburb "Township/Suburb" true true false 200 Text 0 0,First,#,AssetPolygons,VFRRSAssets.TownshipSuburb,0,200;LGA "LGA" true true false 200 Text 0 0,First,#,AssetPolygons,VFRRSAssets.LGA,0,200;AssessedBy "AssessedBy" true true false 4 Long 0 0,First,#,AssetPolygons,VFRRSAssets.AssessedBy,-1,-1;Notes "Notes" true true false 2000 Text 0 0,First,#,AssetPolygons,VFRRSAssets.Notes,0,2000;CreateDate "CreateDate" true true false 8 Date 0 0,First,#,AssetPolygons,VFRRSAssets.CreateDate,-1,-1;ModifyDate "ModifyDate" true true false 8 Date 0 0,First,#,AssetPolygons,VFRRSAssets.ModifyDate,-1,-1;EditUser "EditUser" true true false 4 Long 0 0,First,#,AssetPolygons,VFRRSAssets.EditUser,-1,-1;ControlEffectiveness "ControlEffectiveness" true true false 50 Text 0 0,First,#,AssetPolygons,VFRRSAssets.ControlEffectiveness,0,50;RentPublicTenureScore "RentPublicTenureScore" true true false 0 Double 0 0,First,#,AssetPolygons,VFRRSAssets.RentPublicTenureScore,-1,-1;Aged65PlusScore "Aged65PlusScore" true true false 0 Double 0 0,First,#,AssetPolygons,VFRRSAssets.Aged65PlusScore,-1,-1;UnemploymentScore "UnemploymentScore" true true false 0 Double 0 0,First,#,AssetPolygons,VFRRSAssets.UnemploymentScore,-1,-1;NeedForAssistanceScore "NeedForAssistanceScore" true true false 0 Double 0 0,First,#,AssetPolygons,VFRRSAssets.NeedForAssistanceScore,-1,-1;SmokeAlarmScore "SmokeAlarmScore" true true false 8 Double 0 0,First,#,AssetPolygons,VFRRSAssets.SmokeAlarmScore,-1,-1;AverageBuildingHeightScore "AverageBuildingHeightScore" true true false 8 Double 0 0,First,#,AssetPolygons,VFRRSAssets.AverageBuildingHeightScore,-1,-1;ConsequenceScore "ConsequenceScore" true true false 8 Double 0 0,First,#,AssetPolygons,VFRRSAssets.ConsequenceScore,-1,-1;ConsequenceRating "ConsequenceRating" true true false 50 Text 0 0,First,#,AssetPolygons,VFRRSAssets.ConsequenceRating,0,50;PopulationProjection "PopulationProjection" true true false 50 Text 0 0,First,#,AssetPolygons,VFRRSAssets.PopulationProjection,0,50;LikelihoodRating "LikelihoodRating" true true false 50 Text 0 0,First,#,AssetPolygons,VFRRSAssets.LikelihoodRating,0,50;InherentRisk "InherentRisk" true true false 50 Text 0 0,First,#,AssetPolygons,VFRRSAssets.InherentRisk,0,50;ResidualRiskRating "ResidualRiskRating" true true false 50 Text 0 0,First,#,AssetPolygons,VFRRSAssets.ResidualRiskRating,0,50;ResidualRiskPriorityRating "ResidualRiskPriorityRating" true true false 50 Text 0 0,First,#,AssetPolygons,VFRRSAssets.ResidualRiskPriorityRating,0,50;RentPublicTenureScoreOVR "RentPublicTenureScoreOVR" true true false 8 Double 0 0,First,#,AssetPolygons,VFRRSAssets.RentPublicTenureScoreOVR,-1,-1;Aged65PlusScoreOVR "Aged65PlusScoreOVR" true true false 8 Double 0 0,First,#,AssetPolygons,VFRRSAssets.Aged65PlusScoreOVR,-1,-1;UnemploymentScoreOVR "UnemploymentScoreOVR" true true false 8 Double 0 0,First,#,AssetPolygons,VFRRSAssets.UnemploymentScoreOVR,-1,-1;NeedForAssistanceScoreOVR "NeedForAssistanceScoreOVR" true true false 8 Double 0 0,First,#,AssetPolygons,VFRRSAssets.NeedForAssistanceScoreOVR,-1,-1;SmokeAlarmScoreOVR "SmokeAlarmScoreOVR" true true false 8 Double 0 0,First,#,AssetPolygons,VFRRSAssets.SmokeAlarmScoreOVR,-1,-1;AverageBuildingHeightScoreOVR "AverageBuildingHeightScoreOVR" true true false 8 Double 0 0,First,#,AssetPolygons,VFRRSAssets.AverageBuildingHeightScoreOVR,-1,-1;ConsequenceReviewDate "ConsequenceReviewDate" true true false 8 Date 0 0,First,#,AssetPolygons,VFRRSAssets.ConsequenceReviewDate,-1,-1;ConsequenceScoreOVR "ConsequenceScoreOVR" true true false 8 Double 0 0,First,#,AssetPolygons,VFRRSAssets.ConsequenceScoreOVR,-1,-1;ControlEffectivenessOVR "ControlEffectivenessOVR" true true false 50 Text 0 0,First,#,AssetPolygons,VFRRSAssets.ControlEffectivenessOVR,0,50;LivingAloneScore "LivingAloneScore" true true false 8 Double 0 0,First,#,AssetPolygons,VFRRSAssets.LivingAloneScore,-1,-1;IRSDScore "IRSDScore" true true false 8 Double 0 0,First,#,AssetPolygons,VFRRSAssets.IRSDScore,-1,-1;HumanConsequenceScore "HumanConsequenceScore" true true false 8 Double 0 0,First,#,AssetPolygons,VFRRSAssets.HumanConsequenceScore,-1,-1;HumanConsequenceRating "HumanConsequenceRating" true true false 50 Text 0 0,First,#,AssetPolygons,VFRRSAssets.HumanConsequenceRating,0,50;PhysicalConsequenceScore "PhysicalConsequenceScore" true true false 8 Double 0 0,First,#,AssetPolygons,VFRRSAssets.PhysicalConsequenceScore,-1,-1;PhysicalConsequenceRating "PhysicalConsequenceRating" true true false 50 Text 0 0,First,#,AssetPolygons,VFRRSAssets.PhysicalConsequenceRating,0,50;LivingAloneScoreOVR "LivingAloneScoreOVR" true true false 8 Double 0 0,First,#,AssetPolygons,VFRRSAssets.LivingAloneScoreOVR,-1,-1;IRSDScoreOVR "IRSDScoreOVR" true true false 8 Double 0 0,First,#,AssetPolygons,VFRRSAssets.IRSDScoreOVR,-1,-1;TreatmentPlanStatus "TreatmentPlanStatus" true true false 4 Long 0 0,First,#,AssetPolygons,VFRRSAssets.TreatmentPlanStatus,-1,-1;FlagCombustibleCladding "FlagCombustibleCladding" true true false 2 Short 0 0,First,#,AssetPolygons,VFRRSAssets.FlagCombustibleCladding,-1,-1;FlagBuildingControls "FlagBuildingControls" true true false 2 Short 0 0,First,#,AssetPolygons,VFRRSAssets.FlagBuildingControls,-1,-1;FlagTenantBehaviour "FlagTenantBehaviour" true true false 2 Short 0 0,First,#,AssetPolygons,VFRRSAssets.FlagTenantBehaviour,-1,-1;FlagPhysicalEnvironment "FlagPhysicalEnvironment" true true false 2 Short 0 0,First,#,AssetPolygons,VFRRSAssets.FlagPhysicalEnvironment,-1,-1;FlagVulnerableCommunityGroup "FlagVulnerableCommunityGroup" true true false 2 Short 0 0,First,#,AssetPolygons,VFRRSAssets.FlagVulnerableCommunityGroup,-1,-1;Postcode "Postcode" true true false 10 Text 0 0,First,#,AssetPolygons,VFRRSAssets.Postcode,0,10;ControlEffectivenessNote "ControlEffectivenessNote" true true false 500 Text 0 0,First,#,AssetPolygons,VFRRSAssets.ControlEffectivenessNote,0,500;District "District" true true false 200 Text 0 0,First,#,AssetPolygons,VFRRSAssets.District,0,200;DistrictBreakdown "DistrictBreakdown" true true false 200 Text 0 0,First,#,AssetPolygons,VFRRSAssets.DistrictBreakdown,0,200;PostcodeBreakdown "PostcodeBreakdown" true true false 200 Text 0 0,First,#,AssetPolygons,VFRRSAssets.PostcodeBreakdown,0,200;LGABreakdown "LGABreakdown" true true false 200 Text 0 0,First,#,AssetPolygons,VFRRSAssets.LGABreakdown,0,200;TownshipSuburbBreakdown "TownshipSuburbBreakdown" true true false 2000 Text 0 0,First,#,AssetPolygons,VFRRSAssets.TownshipSuburbBreakdown,0,2000;IgnitionCount "IgnitionCount" true true false 4 Long 0 0,First,#,AssetPolygons,VFRRSAssets.IgnitionCount,-1,-1;IgnitionCountOVR "IgnitionCountOVR" true true false 4 Long 0 0,First,#,AssetPolygons,VFRRSAssets.IgnitionCountOVR,-1,-1;AgencyRep "AgencyRep" true true false 150 Text 0 0,First,#,AssetPolygons,VFRRSAssets.AgencyRep,0,150;InherentRiskPriorityRating "InherentRiskPriorityRating" true true false 50 Text 0 0,First,#,AssetPolygons,VFRRSAssets.InherentRiskPriorityRating,0,50" #</Process><Process ToolSource="c:\program files\arcgis\pro\Resources\ArcToolbox\toolboxes\Conversion Tools.tbx\ExportFeatures" Date="20240618" Time="101046">ExportFeatures VFRRR_Polys_March_2024_Newer C:\aaa_workspace\aaa_VFRR-R_FRV\Data.gdb\VFRR_Polys_March2024 # NOT_USE_ALIAS "GISUID "GISUID" true true false 50 Text 0 0,First,#,VFRRR_Polys_March_2024_Newer,GISUID,0,49;OBJECTID "OBJECTID" true true false 4 Long 0 0,First,#,VFRRR_Polys_March_2024_Newer,OBJECTID,-1,-1;NSUID "NSUID" true true false 50 Text 0 0,First,#,VFRRR_Polys_March_2024_Newer,NSUID,0,49;GISUID_FK "GISUID_FK" true true false 50 Text 0 0,First,#,VFRRR_Polys_March_2024_Newer,GISUID_FK,0,49;AssetID "AssetID" true true false 50 Text 0 0,First,#,VFRRR_Polys_March_2024_Newer,AssetID,0,49;AssetName "AssetName" true true false 200 Text 0 0,First,#,VFRRR_Polys_March_2024_Newer,AssetName,0,199;Address "Address" true true false 500 Text 0 0,First,#,VFRRR_Polys_March_2024_Newer,Address,0,499;AssetClass "AssetClass" true true false 4 Long 0 0,First,#,VFRRR_Polys_March_2024_Newer,AssetClass,-1,-1;AssetSubclass "AssetSubclass" true true false 10 Text 0 0,First,#,VFRRR_Polys_March_2024_Newer,AssetSubclass,0,9;TownshipSuburb "Township/Suburb" true true false 200 Text 0 0,First,#,VFRRR_Polys_March_2024_Newer,TownshipSuburb,0,199;LGA "LGA" true true false 200 Text 0 0,First,#,VFRRR_Polys_March_2024_Newer,LGA,0,199;AssessedBy "AssessedBy" true true false 4 Long 0 0,First,#,VFRRR_Polys_March_2024_Newer,AssessedBy,-1,-1;Notes "Notes" true true false 2000 Text 0 0,First,#,VFRRR_Polys_March_2024_Newer,Notes,0,1999;CreateDate "CreateDate" true true false 8 Date 0 0,First,#,VFRRR_Polys_March_2024_Newer,CreateDate,-1,-1;ModifyDate "ModifyDate" true true false 8 Date 0 0,First,#,VFRRR_Polys_March_2024_Newer,ModifyDate,-1,-1;EditUser "EditUser" true true false 4 Long 0 0,First,#,VFRRR_Polys_March_2024_Newer,EditUser,-1,-1;ControlEffectiveness "ControlEffectiveness" true true false 50 Text 0 0,First,#,VFRRR_Polys_March_2024_Newer,ControlEffectiveness,0,49;RentPublicTenureScore "RentPublicTenureScore" true true false 8 Double 0 0,First,#,VFRRR_Polys_March_2024_Newer,RentPublicTenureScore,-1,-1;Aged65PlusScore "Aged65PlusScore" true true false 8 Double 0 0,First,#,VFRRR_Polys_March_2024_Newer,Aged65PlusScore,-1,-1;UnemploymentScore "UnemploymentScore" true true false 8 Double 0 0,First,#,VFRRR_Polys_March_2024_Newer,UnemploymentScore,-1,-1;NeedForAssistanceScore "NeedForAssistanceScore" true true false 8 Double 0 0,First,#,VFRRR_Polys_March_2024_Newer,NeedForAssistanceScore,-1,-1;SmokeAlarmScore "SmokeAlarmScore" true true false 8 Double 0 0,First,#,VFRRR_Polys_March_2024_Newer,SmokeAlarmScore,-1,-1;AverageBuildingHeightScore "AverageBuildingHeightScore" true true false 8 Double 0 0,First,#,VFRRR_Polys_March_2024_Newer,AverageBuildingHeightScore,-1,-1;ConsequenceScore "ConsequenceScore" true true false 8 Double 0 0,First,#,VFRRR_Polys_March_2024_Newer,ConsequenceScore,-1,-1;ConsequenceRating "ConsequenceRating" true true false 50 Text 0 0,First,#,VFRRR_Polys_March_2024_Newer,ConsequenceRating,0,49;PopulationProjection "PopulationProjection" true true false 50 Text 0 0,First,#,VFRRR_Polys_March_2024_Newer,PopulationProjection,0,49;LikelihoodRating "LikelihoodRating" true true false 50 Text 0 0,First,#,VFRRR_Polys_March_2024_Newer,LikelihoodRating,0,49;InherentRisk "InherentRisk" true true false 50 Text 0 0,First,#,VFRRR_Polys_March_2024_Newer,InherentRisk,0,49;ResidualRiskRating "ResidualRiskRating" true true false 50 Text 0 0,First,#,VFRRR_Polys_March_2024_Newer,ResidualRiskRating,0,49;ResidualRiskPriorityRating "ResidualRiskPriorityRating" true true false 50 Text 0 0,First,#,VFRRR_Polys_March_2024_Newer,ResidualRiskPriorityRating,0,49;RentPublicTenureScoreOVR "RentPublicTenureScoreOVR" true true false 8 Double 0 0,First,#,VFRRR_Polys_March_2024_Newer,RentPublicTenureScoreOVR,-1,-1;Aged65PlusScoreOVR "Aged65PlusScoreOVR" true true false 8 Double 0 0,First,#,VFRRR_Polys_March_2024_Newer,Aged65PlusScoreOVR,-1,-1;UnemploymentScoreOVR "UnemploymentScoreOVR" true true false 8 Double 0 0,First,#,VFRRR_Polys_March_2024_Newer,UnemploymentScoreOVR,-1,-1;NeedForAssistanceScoreOVR "NeedForAssistanceScoreOVR" true true false 8 Double 0 0,First,#,VFRRR_Polys_March_2024_Newer,NeedForAssistanceScoreOVR,-1,-1;SmokeAlarmScoreOVR "SmokeAlarmScoreOVR" true true false 8 Double 0 0,First,#,VFRRR_Polys_March_2024_Newer,SmokeAlarmScoreOVR,-1,-1;AverageBuildingHeightScoreOVR "AverageBuildingHeightScoreOVR" true true false 8 Double 0 0,First,#,VFRRR_Polys_March_2024_Newer,AverageBuildingHeightScoreOVR,-1,-1;ConsequenceReviewDate "ConsequenceReviewDate" true true false 8 Date 0 0,First,#,VFRRR_Polys_March_2024_Newer,ConsequenceReviewDate,-1,-1;ConsequenceScoreOVR "ConsequenceScoreOVR" true true false 8 Double 0 0,First,#,VFRRR_Polys_March_2024_Newer,ConsequenceScoreOVR,-1,-1;ControlEffectivenessOVR "ControlEffectivenessOVR" true true false 50 Text 0 0,First,#,VFRRR_Polys_March_2024_Newer,ControlEffectivenessOVR,0,49;LivingAloneScore "LivingAloneScore" true true false 8 Double 0 0,First,#,VFRRR_Polys_March_2024_Newer,LivingAloneScore,-1,-1;IRSDScore "IRSDScore" true true false 8 Double 0 0,First,#,VFRRR_Polys_March_2024_Newer,IRSDScore,-1,-1;HumanConsequenceScore "HumanConsequenceScore" true true false 8 Double 0 0,First,#,VFRRR_Polys_March_2024_Newer,HumanConsequenceScore,-1,-1;HumanConsequenceRating "HumanConsequenceRating" true true false 50 Text 0 0,First,#,VFRRR_Polys_March_2024_Newer,HumanConsequenceRating,0,49;PhysicalConsequenceScore "PhysicalConsequenceScore" true true false 8 Double 0 0,First,#,VFRRR_Polys_March_2024_Newer,PhysicalConsequenceScore,-1,-1;PhysicalConsequenceRating "PhysicalConsequenceRating" true true false 50 Text 0 0,First,#,VFRRR_Polys_March_2024_Newer,PhysicalConsequenceRating,0,49;LivingAloneScoreOVR "LivingAloneScoreOVR" true true false 8 Double 0 0,First,#,VFRRR_Polys_March_2024_Newer,LivingAloneScoreOVR,-1,-1;IRSDScoreOVR "IRSDScoreOVR" true true false 8 Double 0 0,First,#,VFRRR_Polys_March_2024_Newer,IRSDScoreOVR,-1,-1;TreatmentPlanStatus "TreatmentPlanStatus" true true false 4 Long 0 0,First,#,VFRRR_Polys_March_2024_Newer,TreatmentPlanStatus,-1,-1;FlagCombustibleCladding "FlagCombustibleCladding" true true false 2 Short 0 0,First,#,VFRRR_Polys_March_2024_Newer,FlagCombustibleCladding,-1,-1;FlagBuildingControls "FlagBuildingControls" true true false 2 Short 0 0,First,#,VFRRR_Polys_March_2024_Newer,FlagBuildingControls,-1,-1;FlagTenantBehaviour "FlagTenantBehaviour" true true false 2 Short 0 0,First,#,VFRRR_Polys_March_2024_Newer,FlagTenantBehaviour,-1,-1;FlagPhysicalEnvironment "FlagPhysicalEnvironment" true true false 2 Short 0 0,First,#,VFRRR_Polys_March_2024_Newer,FlagPhysicalEnvironment,-1,-1;FlagVulnerableCommunityGroup "FlagVulnerableCommunityGroup" true true false 2 Short 0 0,First,#,VFRRR_Polys_March_2024_Newer,FlagVulnerableCommunityGroup,-1,-1;Postcode "Postcode" true true false 10 Text 0 0,First,#,VFRRR_Polys_March_2024_Newer,Postcode,0,9;ControlEffectivenessNote "ControlEffectivenessNote" true true false 500 Text 0 0,First,#,VFRRR_Polys_March_2024_Newer,ControlEffectivenessNote,0,499;District "District" true true false 200 Text 0 0,First,#,VFRRR_Polys_March_2024_Newer,District,0,199;DistrictBreakdown "DistrictBreakdown" true true false 200 Text 0 0,First,#,VFRRR_Polys_March_2024_Newer,DistrictBreakdown,0,199;PostcodeBreakdown "PostcodeBreakdown" true true false 200 Text 0 0,First,#,VFRRR_Polys_March_2024_Newer,PostcodeBreakdown,0,199;LGABreakdown "LGABreakdown" true true false 200 Text 0 0,First,#,VFRRR_Polys_March_2024_Newer,LGABreakdown,0,199;TownshipSuburbBreakdown "TownshipSuburbBreakdown" true true false 2000 Text 0 0,First,#,VFRRR_Polys_March_2024_Newer,TownshipSuburbBreakdown,0,1999;IgnitionCount "IgnitionCount" true true false 4 Long 0 0,First,#,VFRRR_Polys_March_2024_Newer,IgnitionCount,-1,-1;IgnitionCountOVR "IgnitionCountOVR" true true false 4 Long 0 0,First,#,VFRRR_Polys_March_2024_Newer,IgnitionCountOVR,-1,-1;AgencyRep "AgencyRep" true true false 150 Text 0 0,First,#,VFRRR_Polys_March_2024_Newer,AgencyRep,0,149;InherentRiskPriorityRating "InherentRiskPriorityRating" true true false 50 Text 0 0,First,#,VFRRR_Polys_March_2024_Newer,InherentRiskPriorityRating,0,49;Shape_Length "Shape_Length" false true true 8 Double 0 0,First,#,VFRRR_Polys_March_2024_Newer,Shape_Length,-1,-1;Shape_Area "Shape_Area" false true true 8 Double 0 0,First,#,VFRRR_Polys_March_2024_Newer,Shape_Area,-1,-1" #</Process><Process ToolSource="c:\program files\arcgis\pro\Resources\ArcToolbox\toolboxes\Conversion Tools.tbx\ExportFeatures" Date="20240618" Time="125952">ExportFeatures VFRR_Polys_March2024 C:\aaa_workspace\aaa_VFRR-R_FRV\Data.gdb\VFRR_CFA_Only # NOT_USE_ALIAS "GISUID "GISUID" true true false 50 Text 0 0,First,#,VFRR_Polys_March2024,GISUID,0,49;OBJECTID "OBJECTID" true true false 4 Long 0 0,First,#,VFRR_Polys_March2024,OBJECTID,-1,-1;NSUID "NSUID" true true false 50 Text 0 0,First,#,VFRR_Polys_March2024,NSUID,0,49;GISUID_FK "GISUID_FK" true true false 50 Text 0 0,First,#,VFRR_Polys_March2024,GISUID_FK,0,49;AssetID "AssetID" true true false 50 Text 0 0,First,#,VFRR_Polys_March2024,AssetID,0,49;AssetName "AssetName" true true false 200 Text 0 0,First,#,VFRR_Polys_March2024,AssetName,0,199;Address "Address" true true false 500 Text 0 0,First,#,VFRR_Polys_March2024,Address,0,499;AssetClass "AssetClass" true true false 4 Long 0 0,First,#,VFRR_Polys_March2024,AssetClass,-1,-1;AssetSubclass "AssetSubclass" true true false 10 Text 0 0,First,#,VFRR_Polys_March2024,AssetSubclass,0,9;TownshipSuburb "Township/Suburb" true true false 200 Text 0 0,First,#,VFRR_Polys_March2024,TownshipSuburb,0,199;LGA "LGA" true true false 200 Text 0 0,First,#,VFRR_Polys_March2024,LGA,0,199;AssessedBy "AssessedBy" true true false 4 Long 0 0,First,#,VFRR_Polys_March2024,AssessedBy,-1,-1;Notes "Notes" true true false 2000 Text 0 0,First,#,VFRR_Polys_March2024,Notes,0,1999;CreateDate "CreateDate" true true false 8 Date 0 0,First,#,VFRR_Polys_March2024,CreateDate,-1,-1;ModifyDate "ModifyDate" true true false 8 Date 0 0,First,#,VFRR_Polys_March2024,ModifyDate,-1,-1;EditUser "EditUser" true true false 4 Long 0 0,First,#,VFRR_Polys_March2024,EditUser,-1,-1;ControlEffectiveness "ControlEffectiveness" true true false 50 Text 0 0,First,#,VFRR_Polys_March2024,ControlEffectiveness,0,49;RentPublicTenureScore "RentPublicTenureScore" true true false 8 Double 0 0,First,#,VFRR_Polys_March2024,RentPublicTenureScore,-1,-1;Aged65PlusScore "Aged65PlusScore" true true false 8 Double 0 0,First,#,VFRR_Polys_March2024,Aged65PlusScore,-1,-1;UnemploymentScore "UnemploymentScore" true true false 8 Double 0 0,First,#,VFRR_Polys_March2024,UnemploymentScore,-1,-1;NeedForAssistanceScore "NeedForAssistanceScore" true true false 8 Double 0 0,First,#,VFRR_Polys_March2024,NeedForAssistanceScore,-1,-1;SmokeAlarmScore "SmokeAlarmScore" true true false 8 Double 0 0,First,#,VFRR_Polys_March2024,SmokeAlarmScore,-1,-1;AverageBuildingHeightScore "AverageBuildingHeightScore" true true false 8 Double 0 0,First,#,VFRR_Polys_March2024,AverageBuildingHeightScore,-1,-1;ConsequenceScore "ConsequenceScore" true true false 8 Double 0 0,First,#,VFRR_Polys_March2024,ConsequenceScore,-1,-1;ConsequenceRating "ConsequenceRating" true true false 50 Text 0 0,First,#,VFRR_Polys_March2024,ConsequenceRating,0,49;PopulationProjection "PopulationProjection" true true false 50 Text 0 0,First,#,VFRR_Polys_March2024,PopulationProjection,0,49;LikelihoodRating "LikelihoodRating" true true false 50 Text 0 0,First,#,VFRR_Polys_March2024,LikelihoodRating,0,49;InherentRisk "InherentRisk" true true false 50 Text 0 0,First,#,VFRR_Polys_March2024,InherentRisk,0,49;ResidualRiskRating "ResidualRiskRating" true true false 50 Text 0 0,First,#,VFRR_Polys_March2024,ResidualRiskRating,0,49;ResidualRiskPriorityRating "ResidualRiskPriorityRating" true true false 50 Text 0 0,First,#,VFRR_Polys_March2024,ResidualRiskPriorityRating,0,49;RentPublicTenureScoreOVR "RentPublicTenureScoreOVR" true true false 8 Double 0 0,First,#,VFRR_Polys_March2024,RentPublicTenureScoreOVR,-1,-1;Aged65PlusScoreOVR "Aged65PlusScoreOVR" true true false 8 Double 0 0,First,#,VFRR_Polys_March2024,Aged65PlusScoreOVR,-1,-1;UnemploymentScoreOVR "UnemploymentScoreOVR" true true false 8 Double 0 0,First,#,VFRR_Polys_March2024,UnemploymentScoreOVR,-1,-1;NeedForAssistanceScoreOVR "NeedForAssistanceScoreOVR" true true false 8 Double 0 0,First,#,VFRR_Polys_March2024,NeedForAssistanceScoreOVR,-1,-1;SmokeAlarmScoreOVR "SmokeAlarmScoreOVR" true true false 8 Double 0 0,First,#,VFRR_Polys_March2024,SmokeAlarmScoreOVR,-1,-1;AverageBuildingHeightScoreOVR "AverageBuildingHeightScoreOVR" true true false 8 Double 0 0,First,#,VFRR_Polys_March2024,AverageBuildingHeightScoreOVR,-1,-1;ConsequenceReviewDate "ConsequenceReviewDate" true true false 8 Date 0 0,First,#,VFRR_Polys_March2024,ConsequenceReviewDate,-1,-1;ConsequenceScoreOVR "ConsequenceScoreOVR" true true false 8 Double 0 0,First,#,VFRR_Polys_March2024,ConsequenceScoreOVR,-1,-1;ControlEffectivenessOVR "ControlEffectivenessOVR" true true false 50 Text 0 0,First,#,VFRR_Polys_March2024,ControlEffectivenessOVR,0,49;LivingAloneScore "LivingAloneScore" true true false 8 Double 0 0,First,#,VFRR_Polys_March2024,LivingAloneScore,-1,-1;IRSDScore "IRSDScore" true true false 8 Double 0 0,First,#,VFRR_Polys_March2024,IRSDScore,-1,-1;HumanConsequenceScore "HumanConsequenceScore" true true false 8 Double 0 0,First,#,VFRR_Polys_March2024,HumanConsequenceScore,-1,-1;HumanConsequenceRating "HumanConsequenceRating" true true false 50 Text 0 0,First,#,VFRR_Polys_March2024,HumanConsequenceRating,0,49;PhysicalConsequenceScore "PhysicalConsequenceScore" true true false 8 Double 0 0,First,#,VFRR_Polys_March2024,PhysicalConsequenceScore,-1,-1;PhysicalConsequenceRating "PhysicalConsequenceRating" true true false 50 Text 0 0,First,#,VFRR_Polys_March2024,PhysicalConsequenceRating,0,49;LivingAloneScoreOVR "LivingAloneScoreOVR" true true false 8 Double 0 0,First,#,VFRR_Polys_March2024,LivingAloneScoreOVR,-1,-1;IRSDScoreOVR "IRSDScoreOVR" true true false 8 Double 0 0,First,#,VFRR_Polys_March2024,IRSDScoreOVR,-1,-1;TreatmentPlanStatus "TreatmentPlanStatus" true true false 4 Long 0 0,First,#,VFRR_Polys_March2024,TreatmentPlanStatus,-1,-1;FlagCombustibleCladding "FlagCombustibleCladding" true true false 2 Short 0 0,First,#,VFRR_Polys_March2024,FlagCombustibleCladding,-1,-1;FlagBuildingControls "FlagBuildingControls" true true false 2 Short 0 0,First,#,VFRR_Polys_March2024,FlagBuildingControls,-1,-1;FlagTenantBehaviour "FlagTenantBehaviour" true true false 2 Short 0 0,First,#,VFRR_Polys_March2024,FlagTenantBehaviour,-1,-1;FlagPhysicalEnvironment "FlagPhysicalEnvironment" true true false 2 Short 0 0,First,#,VFRR_Polys_March2024,FlagPhysicalEnvironment,-1,-1;FlagVulnerableCommunityGroup "FlagVulnerableCommunityGroup" true true false 2 Short 0 0,First,#,VFRR_Polys_March2024,FlagVulnerableCommunityGroup,-1,-1;Postcode "Postcode" true true false 10 Text 0 0,First,#,VFRR_Polys_March2024,Postcode,0,9;ControlEffectivenessNote "ControlEffectivenessNote" true true false 500 Text 0 0,First,#,VFRR_Polys_March2024,ControlEffectivenessNote,0,499;District "District" true true false 200 Text 0 0,First,#,VFRR_Polys_March2024,District,0,199;DistrictBreakdown "DistrictBreakdown" true true false 200 Text 0 0,First,#,VFRR_Polys_March2024,DistrictBreakdown,0,199;PostcodeBreakdown "PostcodeBreakdown" true true false 200 Text 0 0,First,#,VFRR_Polys_March2024,PostcodeBreakdown,0,199;LGABreakdown "LGABreakdown" true true false 200 Text 0 0,First,#,VFRR_Polys_March2024,LGABreakdown,0,199;TownshipSuburbBreakdown "TownshipSuburbBreakdown" true true false 2000 Text 0 0,First,#,VFRR_Polys_March2024,TownshipSuburbBreakdown,0,1999;IgnitionCount "IgnitionCount" true true false 4 Long 0 0,First,#,VFRR_Polys_March2024,IgnitionCount,-1,-1;IgnitionCountOVR "IgnitionCountOVR" true true false 4 Long 0 0,First,#,VFRR_Polys_March2024,IgnitionCountOVR,-1,-1;AgencyRep "AgencyRep" true true false 150 Text 0 0,First,#,VFRR_Polys_March2024,AgencyRep,0,149;InherentRiskPriorityRating "InherentRiskPriorityRating" true true false 50 Text 0 0,First,#,VFRR_Polys_March2024,InherentRiskPriorityRating,0,49;Shape_Length "Shape_Length" false true true 8 Double 0 0,First,#,VFRR_Polys_March2024,Shape_Length,-1,-1;Shape_Area "Shape_Area" false true true 8 Double 0 0,First,#,VFRR_Polys_March2024,Shape_Area,-1,-1" #</Process><Process ToolSource="c:\program files\arcgis\pro\Resources\ArcToolbox\toolboxes\Conversion Tools.tbx\ExportFeatures" Date="20241031" Time="160210">ExportFeatures VFRR_CFA_Only C:\strategic_services\VFRR_R_Data.shp # NOT_USE_ALIAS "GISUID "GISUID" true true false 50 Text 0 0,First,#,VFRR_CFA_Only,GISUID,0,49;OBJECTID "OBJECTID" true true false 4 Long 0 0,First,#,VFRR_CFA_Only,OBJECTID,-1,-1;NSUID "NSUID" true true false 50 Text 0 0,First,#,VFRR_CFA_Only,NSUID,0,49;GISUID_FK "GISUID_FK" true true false 50 Text 0 0,First,#,VFRR_CFA_Only,GISUID_FK,0,49;AssetID "AssetID" true true false 50 Text 0 0,First,#,VFRR_CFA_Only,AssetID,0,49;AssetName "AssetName" true true false 200 Text 0 0,First,#,VFRR_CFA_Only,AssetName,0,199;Address "Address" true true false 500 Text 0 0,First,#,VFRR_CFA_Only,Address,0,499;AssetClass "AssetClass" true true false 4 Long 0 0,First,#,VFRR_CFA_Only,AssetClass,-1,-1;AssetSubclass "AssetSubclass" true true false 10 Text 0 0,First,#,VFRR_CFA_Only,AssetSubclass,0,9;TownshipSuburb "Township/Suburb" true true false 200 Text 0 0,First,#,VFRR_CFA_Only,TownshipSuburb,0,199;LGA "LGA" true true false 200 Text 0 0,First,#,VFRR_CFA_Only,LGA,0,199;AssessedBy "AssessedBy" true true false 4 Long 0 0,First,#,VFRR_CFA_Only,AssessedBy,-1,-1;Notes "Notes" true true false 2000 Text 0 0,First,#,VFRR_CFA_Only,Notes,0,1999;CreateDate "CreateDate" true true false 8 Date 0 0,First,#,VFRR_CFA_Only,CreateDate,-1,-1;ModifyDate "ModifyDate" true true false 8 Date 0 0,First,#,VFRR_CFA_Only,ModifyDate,-1,-1;EditUser "EditUser" true true false 4 Long 0 0,First,#,VFRR_CFA_Only,EditUser,-1,-1;ControlEffectiveness "ControlEffectiveness" true true false 50 Text 0 0,First,#,VFRR_CFA_Only,ControlEffectiveness,0,49;RentPublicTenureScore "RentPublicTenureScore" true true false 8 Double 0 0,First,#,VFRR_CFA_Only,RentPublicTenureScore,-1,-1;Aged65PlusScore "Aged65PlusScore" true true false 8 Double 0 0,First,#,VFRR_CFA_Only,Aged65PlusScore,-1,-1;UnemploymentScore "UnemploymentScore" true true false 8 Double 0 0,First,#,VFRR_CFA_Only,UnemploymentScore,-1,-1;NeedForAssistanceScore "NeedForAssistanceScore" true true false 8 Double 0 0,First,#,VFRR_CFA_Only,NeedForAssistanceScore,-1,-1;SmokeAlarmScore "SmokeAlarmScore" true true false 8 Double 0 0,First,#,VFRR_CFA_Only,SmokeAlarmScore,-1,-1;AverageBuildingHeightScore "AverageBuildingHeightScore" true true false 8 Double 0 0,First,#,VFRR_CFA_Only,AverageBuildingHeightScore,-1,-1;ConsequenceScore "ConsequenceScore" true true false 8 Double 0 0,First,#,VFRR_CFA_Only,ConsequenceScore,-1,-1;ConsequenceRating "ConsequenceRating" true true false 50 Text 0 0,First,#,VFRR_CFA_Only,ConsequenceRating,0,49;PopulationProjection "PopulationProjection" true true false 50 Text 0 0,First,#,VFRR_CFA_Only,PopulationProjection,0,49;LikelihoodRating "LikelihoodRating" true true false 50 Text 0 0,First,#,VFRR_CFA_Only,LikelihoodRating,0,49;InherentRisk "InherentRisk" true true false 50 Text 0 0,First,#,VFRR_CFA_Only,InherentRisk,0,49;ResidualRiskRating "ResidualRiskRating" true true false 50 Text 0 0,First,#,VFRR_CFA_Only,ResidualRiskRating,0,49;ResidualRiskPriorityRating "ResidualRiskPriorityRating" true true false 50 Text 0 0,First,#,VFRR_CFA_Only,ResidualRiskPriorityRating,0,49;RentPublicTenureScoreOVR "RentPublicTenureScoreOVR" true true false 8 Double 0 0,First,#,VFRR_CFA_Only,RentPublicTenureScoreOVR,-1,-1;Aged65PlusScoreOVR "Aged65PlusScoreOVR" true true false 8 Double 0 0,First,#,VFRR_CFA_Only,Aged65PlusScoreOVR,-1,-1;UnemploymentScoreOVR "UnemploymentScoreOVR" true true false 8 Double 0 0,First,#,VFRR_CFA_Only,UnemploymentScoreOVR,-1,-1;NeedForAssistanceScoreOVR "NeedForAssistanceScoreOVR" true true false 8 Double 0 0,First,#,VFRR_CFA_Only,NeedForAssistanceScoreOVR,-1,-1;SmokeAlarmScoreOVR "SmokeAlarmScoreOVR" true true false 8 Double 0 0,First,#,VFRR_CFA_Only,SmokeAlarmScoreOVR,-1,-1;AverageBuildingHeightScoreOVR "AverageBuildingHeightScoreOVR" true true false 8 Double 0 0,First,#,VFRR_CFA_Only,AverageBuildingHeightScoreOVR,-1,-1;ConsequenceReviewDate "ConsequenceReviewDate" true true false 8 Date 0 0,First,#,VFRR_CFA_Only,ConsequenceReviewDate,-1,-1;ConsequenceScoreOVR "ConsequenceScoreOVR" true true false 8 Double 0 0,First,#,VFRR_CFA_Only,ConsequenceScoreOVR,-1,-1;ControlEffectivenessOVR "ControlEffectivenessOVR" true true false 50 Text 0 0,First,#,VFRR_CFA_Only,ControlEffectivenessOVR,0,49;LivingAloneScore "LivingAloneScore" true true false 8 Double 0 0,First,#,VFRR_CFA_Only,LivingAloneScore,-1,-1;IRSDScore "IRSDScore" true true false 8 Double 0 0,First,#,VFRR_CFA_Only,IRSDScore,-1,-1;HumanConsequenceScore "HumanConsequenceScore" true true false 8 Double 0 0,First,#,VFRR_CFA_Only,HumanConsequenceScore,-1,-1;HumanConsequenceRating "HumanConsequenceRating" true true false 50 Text 0 0,First,#,VFRR_CFA_Only,HumanConsequenceRating,0,49;PhysicalConsequenceScore "PhysicalConsequenceScore" true true false 8 Double 0 0,First,#,VFRR_CFA_Only,PhysicalConsequenceScore,-1,-1;PhysicalConsequenceRating "PhysicalConsequenceRating" true true false 50 Text 0 0,First,#,VFRR_CFA_Only,PhysicalConsequenceRating,0,49;LivingAloneScoreOVR "LivingAloneScoreOVR" true true false 8 Double 0 0,First,#,VFRR_CFA_Only,LivingAloneScoreOVR,-1,-1;IRSDScoreOVR "IRSDScoreOVR" true true false 8 Double 0 0,First,#,VFRR_CFA_Only,IRSDScoreOVR,-1,-1;TreatmentPlanStatus "TreatmentPlanStatus" true true false 4 Long 0 0,First,#,VFRR_CFA_Only,TreatmentPlanStatus,-1,-1;FlagCombustibleCladding "FlagCombustibleCladding" true true false 2 Short 0 0,First,#,VFRR_CFA_Only,FlagCombustibleCladding,-1,-1;FlagBuildingControls "FlagBuildingControls" true true false 2 Short 0 0,First,#,VFRR_CFA_Only,FlagBuildingControls,-1,-1;FlagTenantBehaviour "FlagTenantBehaviour" true true false 2 Short 0 0,First,#,VFRR_CFA_Only,FlagTenantBehaviour,-1,-1;FlagPhysicalEnvironment "FlagPhysicalEnvironment" true true false 2 Short 0 0,First,#,VFRR_CFA_Only,FlagPhysicalEnvironment,-1,-1;FlagVulnerableCommunityGroup "FlagVulnerableCommunityGroup" true true false 2 Short 0 0,First,#,VFRR_CFA_Only,FlagVulnerableCommunityGroup,-1,-1;Postcode "Postcode" true true false 10 Text 0 0,First,#,VFRR_CFA_Only,Postcode,0,9;ControlEffectivenessNote "ControlEffectivenessNote" true true false 500 Text 0 0,First,#,VFRR_CFA_Only,ControlEffectivenessNote,0,499;District "District" true true false 200 Text 0 0,First,#,VFRR_CFA_Only,District,0,199;DistrictBreakdown "DistrictBreakdown" true true false 200 Text 0 0,First,#,VFRR_CFA_Only,DistrictBreakdown,0,199;PostcodeBreakdown "PostcodeBreakdown" true true false 200 Text 0 0,First,#,VFRR_CFA_Only,PostcodeBreakdown,0,199;LGABreakdown "LGABreakdown" true true false 200 Text 0 0,First,#,VFRR_CFA_Only,LGABreakdown,0,199;TownshipSuburbBreakdown "TownshipSuburbBreakdown" true true false 2000 Text 0 0,First,#,VFRR_CFA_Only,TownshipSuburbBreakdown,0,1999;IgnitionCount "IgnitionCount" true true false 4 Long 0 0,First,#,VFRR_CFA_Only,IgnitionCount,-1,-1;IgnitionCountOVR "IgnitionCountOVR" true true false 4 Long 0 0,First,#,VFRR_CFA_Only,IgnitionCountOVR,-1,-1;AgencyRep "AgencyRep" true true false 150 Text 0 0,First,#,VFRR_CFA_Only,AgencyRep,0,149;InherentRiskPriorityRating "InherentRiskPriorityRating" true true false 50 Text 0 0,First,#,VFRR_CFA_Only,InherentRiskPriorityRating,0,49;Shape_Length "Shape_Length" false true true 8 Double 0 0,First,#,VFRR_CFA_Only,Shape_Length,-1,-1;Shape_Area "Shape_Area" false true true 8 Double 0 0,First,#,VFRR_CFA_Only,Shape_Area,-1,-1" #</Process></lineage></DataProperties><SyncDate>20241031</SyncDate><SyncTime>16020900</SyncTime><ModDate>20241031</ModDate><ModTime>16020900</ModTime></Esri><dataIdInfo><envirDesc Sync="TRUE">Microsoft Windows 10 Version 10.0 (Build 22631) ; Esri ArcGIS 13.2.2.49743</envirDesc><dataLang><languageCode value="eng" Sync="TRUE"></languageCode><countryCode value="AUS" Sync="TRUE"></countryCode></dataLang><idCitation><resTitle Sync="TRUE">VFRR_R_Data</resTitle><presForm><PresFormCd value="005" Sync="TRUE"></PresFormCd></presForm></idCitation><spatRpType><SpatRepTypCd value="001" Sync="TRUE"></SpatRepTypCd></spatRpType></dataIdInfo><mdLang><languageCode value="eng" Sync="TRUE"></languageCode><countryCode value="AUS" Sync="TRUE"></countryCode></mdLang><distInfo><distFormat><formatName Sync="TRUE">Shapefile</formatName></distFormat><distTranOps><transSize Sync="TRUE">0.000</transSize></distTranOps></distInfo><mdHrLv><ScopeCd value="005" Sync="TRUE"></ScopeCd></mdHrLv><mdHrLvName Sync="TRUE">dataset</mdHrLvName><refSysInfo><RefSystem><refSysID><identCode code="4283" Sync="TRUE"></identCode><idCodeSpace Sync="TRUE">EPSG</idCodeSpace><idVersion Sync="TRUE">6.5(3.0.1)</idVersion></refSysID></RefSystem></refSysInfo><spatRepInfo><VectSpatRep><geometObjs Name="VFRR_R_Data"><geoObjTyp><GeoObjTypCd value="002" Sync="TRUE"></GeoObjTypCd></geoObjTyp><geoObjCnt Sync="TRUE">0</geoObjCnt></geometObjs><topLvl><TopoLevCd value="001" Sync="TRUE"></TopoLevCd></topLvl></VectSpatRep></spatRepInfo><spdoinfo><ptvctinf><esriterm Name="VFRR_R_Data"><efeatyp Sync="TRUE">Simple</efeatyp><efeageom code="4" Sync="TRUE"></efeageom><esritopo Sync="TRUE">FALSE</esritopo><efeacnt Sync="TRUE">0</efeacnt><spindex Sync="TRUE">FALSE</spindex><linrefer Sync="TRUE">FALSE</linrefer></esriterm></ptvctinf></spdoinfo><eainfo><detailed Name="VFRR_R_Data"><enttyp><enttypl Sync="TRUE">VFRR_R_Data</enttypl><enttypt Sync="TRUE">Feature Class</enttypt><enttypc Sync="TRUE">0</enttypc></enttyp><attr><attrlabl Sync="TRUE">FID</attrlabl><attalias Sync="TRUE">FID</attalias><attrtype Sync="TRUE">OID</attrtype><attwidth Sync="TRUE">4</attwidth><atprecis Sync="TRUE">0</atprecis><attscale Sync="TRUE">0</attscale><attrdef Sync="TRUE">Internal feature number.</attrdef><attrdefs Sync="TRUE">Esri</attrdefs><attrdomv><udom Sync="TRUE">Sequential unique whole numbers that are automatically generated.</udom></attrdomv></attr><attr><attrlabl Sync="TRUE">Shape</attrlabl><attalias Sync="TRUE">Shape</attalias><attrtype Sync="TRUE">Geometry</attrtype><attwidth Sync="TRUE">0</attwidth><atprecis Sync="TRUE">0</atprecis><attscale Sync="TRUE">0</attscale><attrdef Sync="TRUE">Feature geometry.</attrdef><attrdefs Sync="TRUE">Esri</attrdefs><attrdomv><udom Sync="TRUE">Coordinates defining the features.</udom></attrdomv></attr><attr><attrlabl Sync="TRUE">GISUID</attrlabl><attalias Sync="TRUE">GISUID</attalias><attrtype Sync="TRUE">String</attrtype><attwidth Sync="TRUE">50</attwidth><atprecis Sync="TRUE">0</atprecis><attscale Sync="TRUE">0</attscale></attr><attr><attrlabl Sync="TRUE">OBJECTID</attrlabl><attalias Sync="TRUE">OBJECTID</attalias><attrtype Sync="TRUE">Integer</attrtype><attwidth Sync="TRUE">10</attwidth><atprecis Sync="TRUE">10</atprecis><attscale Sync="TRUE">0</attscale></attr><attr><attrlabl Sync="TRUE">NSUID</attrlabl><attalias Sync="TRUE">NSUID</attalias><attrtype Sync="TRUE">String</attrtype><attwidth Sync="TRUE">50</attwidth><atprecis Sync="TRUE">0</atprecis><attscale Sync="TRUE">0</attscale></attr><attr><attrlabl Sync="TRUE">GISUID_FK</attrlabl><attalias Sync="TRUE">GISUID_FK</attalias><attrtype Sync="TRUE">String</attrtype><attwidth Sync="TRUE">50</attwidth><atprecis Sync="TRUE">0</atprecis><attscale Sync="TRUE">0</attscale></attr><attr><attrlabl Sync="TRUE">AssetID</attrlabl><attalias Sync="TRUE">AssetID</attalias><attrtype Sync="TRUE">String</attrtype><attwidth Sync="TRUE">50</attwidth><atprecis Sync="TRUE">0</atprecis><attscale Sync="TRUE">0</attscale></attr><attr><attrlabl Sync="TRUE">AssetName</attrlabl><attalias Sync="TRUE">AssetName</attalias><attrtype Sync="TRUE">String</attrtype><attwidth Sync="TRUE">200</attwidth><atprecis Sync="TRUE">0</atprecis><attscale Sync="TRUE">0</attscale></attr><attr><attrlabl Sync="TRUE">Address</attrlabl><attalias Sync="TRUE">Address</attalias><attrtype Sync="TRUE">String</attrtype><attwidth Sync="TRUE">254</attwidth><atprecis Sync="TRUE">0</atprecis><attscale Sync="TRUE">0</attscale></attr><attr><attrlabl Sync="TRUE">AssetClass</attrlabl><attalias Sync="TRUE">AssetClass</attalias><attrtype Sync="TRUE">Integer</attrtype><attwidth Sync="TRUE">10</attwidth><atprecis Sync="TRUE">10</atprecis><attscale Sync="TRUE">0</attscale></attr><attr><attrlabl Sync="TRUE">AssetSubcl</attrlabl><attalias Sync="TRUE">AssetSubcl</attalias><attrtype Sync="TRUE">String</attrtype><attwidth Sync="TRUE">10</attwidth><atprecis Sync="TRUE">0</atprecis><attscale Sync="TRUE">0</attscale></attr><attr><attrlabl Sync="TRUE">TownshipSu</attrlabl><attalias Sync="TRUE">TownshipSu</attalias><attrtype Sync="TRUE">String</attrtype><attwidth Sync="TRUE">200</attwidth><atprecis Sync="TRUE">0</atprecis><attscale Sync="TRUE">0</attscale></attr><attr><attrlabl Sync="TRUE">LGA</attrlabl><attalias Sync="TRUE">LGA</attalias><attrtype Sync="TRUE">String</attrtype><attwidth Sync="TRUE">200</attwidth><atprecis Sync="TRUE">0</atprecis><attscale Sync="TRUE">0</attscale></attr><attr><attrlabl Sync="TRUE">AssessedBy</attrlabl><attalias Sync="TRUE">AssessedBy</attalias><attrtype Sync="TRUE">Integer</attrtype><attwidth Sync="TRUE">10</attwidth><atprecis Sync="TRUE">10</atprecis><attscale Sync="TRUE">0</attscale></attr><attr><attrlabl Sync="TRUE">Notes</attrlabl><attalias Sync="TRUE">Notes</attalias><attrtype Sync="TRUE">String</attrtype><attwidth Sync="TRUE">254</attwidth><atprecis Sync="TRUE">0</atprecis><attscale Sync="TRUE">0</attscale></attr><attr><attrlabl Sync="TRUE">CreateDate</attrlabl><attalias Sync="TRUE">CreateDate</attalias><attrtype Sync="TRUE">Date</attrtype><attwidth Sync="TRUE">8</attwidth><atprecis Sync="TRUE">0</atprecis><attscale Sync="TRUE">0</attscale></attr><attr><attrlabl Sync="TRUE">ModifyDate</attrlabl><attalias Sync="TRUE">ModifyDate</attalias><attrtype Sync="TRUE">Date</attrtype><attwidth Sync="TRUE">8</attwidth><atprecis Sync="TRUE">0</atprecis><attscale Sync="TRUE">0</attscale></attr><attr><attrlabl Sync="TRUE">EditUser</attrlabl><attalias Sync="TRUE">EditUser</attalias><attrtype Sync="TRUE">Integer</attrtype><attwidth Sync="TRUE">10</attwidth><atprecis Sync="TRUE">10</atprecis><attscale Sync="TRUE">0</attscale></attr><attr><attrlabl Sync="TRUE">ControlEff</attrlabl><attalias Sync="TRUE">ControlEff</attalias><attrtype Sync="TRUE">String</attrtype><attwidth Sync="TRUE">50</attwidth><atprecis Sync="TRUE">0</atprecis><attscale Sync="TRUE">0</attscale></attr><attr><attrlabl Sync="TRUE">RentPublic</attrlabl><attalias Sync="TRUE">RentPublic</attalias><attrtype Sync="TRUE">Double</attrtype><attwidth Sync="TRUE">19</attwidth><atprecis Sync="TRUE">0</atprecis><attscale Sync="TRUE">0</attscale></attr><attr><attrlabl Sync="TRUE">Aged65Plus</attrlabl><attalias Sync="TRUE">Aged65Plus</attalias><attrtype Sync="TRUE">Double</attrtype><attwidth Sync="TRUE">19</attwidth><atprecis Sync="TRUE">0</atprecis><attscale Sync="TRUE">0</attscale></attr><attr><attrlabl Sync="TRUE">Unemployme</attrlabl><attalias Sync="TRUE">Unemployme</attalias><attrtype Sync="TRUE">Double</attrtype><attwidth Sync="TRUE">19</attwidth><atprecis Sync="TRUE">0</atprecis><attscale Sync="TRUE">0</attscale></attr><attr><attrlabl Sync="TRUE">NeedForAss</attrlabl><attalias Sync="TRUE">NeedForAss</attalias><attrtype Sync="TRUE">Double</attrtype><attwidth Sync="TRUE">19</attwidth><atprecis Sync="TRUE">0</atprecis><attscale Sync="TRUE">0</attscale></attr><attr><attrlabl Sync="TRUE">SmokeAlarm</attrlabl><attalias Sync="TRUE">SmokeAlarm</attalias><attrtype Sync="TRUE">Double</attrtype><attwidth Sync="TRUE">19</attwidth><atprecis Sync="TRUE">0</atprecis><attscale Sync="TRUE">0</attscale></attr><attr><attrlabl Sync="TRUE">AverageBui</attrlabl><attalias Sync="TRUE">AverageBui</attalias><attrtype Sync="TRUE">Double</attrtype><attwidth Sync="TRUE">19</attwidth><atprecis Sync="TRUE">0</atprecis><attscale Sync="TRUE">0</attscale></attr><attr><attrlabl Sync="TRUE">Consequenc</attrlabl><attalias Sync="TRUE">Consequenc</attalias><attrtype Sync="TRUE">Double</attrtype><attwidth Sync="TRUE">19</attwidth><atprecis Sync="TRUE">0</atprecis><attscale Sync="TRUE">0</attscale></attr><attr><attrlabl Sync="TRUE">Conseque_1</attrlabl><attalias Sync="TRUE">Conseque_1</attalias><attrtype Sync="TRUE">String</attrtype><attwidth Sync="TRUE">50</attwidth><atprecis Sync="TRUE">0</atprecis><attscale Sync="TRUE">0</attscale></attr><attr><attrlabl Sync="TRUE">Population</attrlabl><attalias Sync="TRUE">Population</attalias><attrtype Sync="TRUE">String</attrtype><attwidth Sync="TRUE">50</attwidth><atprecis Sync="TRUE">0</atprecis><attscale Sync="TRUE">0</attscale></attr><attr><attrlabl Sync="TRUE">Likelihood</attrlabl><attalias Sync="TRUE">Likelihood</attalias><attrtype Sync="TRUE">String</attrtype><attwidth Sync="TRUE">50</attwidth><atprecis Sync="TRUE">0</atprecis><attscale Sync="TRUE">0</attscale></attr><attr><attrlabl Sync="TRUE">InherentRi</attrlabl><attalias Sync="TRUE">InherentRi</attalias><attrtype Sync="TRUE">String</attrtype><attwidth Sync="TRUE">50</attwidth><atprecis Sync="TRUE">0</atprecis><attscale Sync="TRUE">0</attscale></attr><attr><attrlabl Sync="TRUE">ResidualRi</attrlabl><attalias Sync="TRUE">ResidualRi</attalias><attrtype Sync="TRUE">String</attrtype><attwidth Sync="TRUE">50</attwidth><atprecis Sync="TRUE">0</atprecis><attscale Sync="TRUE">0</attscale></attr><attr><attrlabl Sync="TRUE">Residual_1</attrlabl><attalias Sync="TRUE">Residual_1</attalias><attrtype Sync="TRUE">String</attrtype><attwidth Sync="TRUE">50</attwidth><atprecis Sync="TRUE">0</atprecis><attscale Sync="TRUE">0</attscale></attr><attr><attrlabl Sync="TRUE">RentPubl_1</attrlabl><attalias Sync="TRUE">RentPubl_1</attalias><attrtype Sync="TRUE">Double</attrtype><attwidth Sync="TRUE">19</attwidth><atprecis Sync="TRUE">0</atprecis><attscale Sync="TRUE">0</attscale></attr><attr><attrlabl Sync="TRUE">Aged65Pl_1</attrlabl><attalias Sync="TRUE">Aged65Pl_1</attalias><attrtype Sync="TRUE">Double</attrtype><attwidth Sync="TRUE">19</attwidth><atprecis Sync="TRUE">0</atprecis><attscale Sync="TRUE">0</attscale></attr><attr><attrlabl Sync="TRUE">Unemploy_1</attrlabl><attalias Sync="TRUE">Unemploy_1</attalias><attrtype Sync="TRUE">Double</attrtype><attwidth Sync="TRUE">19</attwidth><atprecis Sync="TRUE">0</atprecis><attscale Sync="TRUE">0</attscale></attr><attr><attrlabl Sync="TRUE">NeedForA_1</attrlabl><attalias Sync="TRUE">NeedForA_1</attalias><attrtype Sync="TRUE">Double</attrtype><attwidth Sync="TRUE">19</attwidth><atprecis Sync="TRUE">0</atprecis><attscale Sync="TRUE">0</attscale></attr><attr><attrlabl Sync="TRUE">SmokeAla_1</attrlabl><attalias Sync="TRUE">SmokeAla_1</attalias><attrtype Sync="TRUE">Double</attrtype><attwidth Sync="TRUE">19</attwidth><atprecis Sync="TRUE">0</atprecis><attscale Sync="TRUE">0</attscale></attr><attr><attrlabl Sync="TRUE">AverageB_1</attrlabl><attalias Sync="TRUE">AverageB_1</attalias><attrtype Sync="TRUE">Double</attrtype><attwidth Sync="TRUE">19</attwidth><atprecis Sync="TRUE">0</atprecis><attscale Sync="TRUE">0</attscale></attr><attr><attrlabl Sync="TRUE">Conseque_2</attrlabl><attalias Sync="TRUE">Conseque_2</attalias><attrtype Sync="TRUE">Date</attrtype><attwidth Sync="TRUE">8</attwidth><atprecis Sync="TRUE">0</atprecis><attscale Sync="TRUE">0</attscale></attr><attr><attrlabl Sync="TRUE">Conseque_3</attrlabl><attalias Sync="TRUE">Conseque_3</attalias><attrtype Sync="TRUE">Double</attrtype><attwidth Sync="TRUE">19</attwidth><atprecis Sync="TRUE">0</atprecis><attscale Sync="TRUE">0</attscale></attr><attr><attrlabl Sync="TRUE">ControlE_1</attrlabl><attalias Sync="TRUE">ControlE_1</attalias><attrtype Sync="TRUE">String</attrtype><attwidth Sync="TRUE">50</attwidth><atprecis Sync="TRUE">0</atprecis><attscale Sync="TRUE">0</attscale></attr><attr><attrlabl Sync="TRUE">LivingAlon</attrlabl><attalias Sync="TRUE">LivingAlon</attalias><attrtype Sync="TRUE">Double</attrtype><attwidth Sync="TRUE">19</attwidth><atprecis Sync="TRUE">0</atprecis><attscale Sync="TRUE">0</attscale></attr><attr><attrlabl Sync="TRUE">IRSDScore</attrlabl><attalias Sync="TRUE">IRSDScore</attalias><attrtype Sync="TRUE">Double</attrtype><attwidth Sync="TRUE">19</attwidth><atprecis Sync="TRUE">0</atprecis><attscale Sync="TRUE">0</attscale></attr><attr><attrlabl Sync="TRUE">HumanConse</attrlabl><attalias Sync="TRUE">HumanConse</attalias><attrtype Sync="TRUE">Double</attrtype><attwidth Sync="TRUE">19</attwidth><atprecis Sync="TRUE">0</atprecis><attscale Sync="TRUE">0</attscale></attr><attr><attrlabl Sync="TRUE">HumanCon_1</attrlabl><attalias Sync="TRUE">HumanCon_1</attalias><attrtype Sync="TRUE">String</attrtype><attwidth Sync="TRUE">50</attwidth><atprecis Sync="TRUE">0</atprecis><attscale Sync="TRUE">0</attscale></attr><attr><attrlabl Sync="TRUE">PhysicalCo</attrlabl><attalias Sync="TRUE">PhysicalCo</attalias><attrtype Sync="TRUE">Double</attrtype><attwidth Sync="TRUE">19</attwidth><atprecis Sync="TRUE">0</atprecis><attscale Sync="TRUE">0</attscale></attr><attr><attrlabl Sync="TRUE">Physical_1</attrlabl><attalias Sync="TRUE">Physical_1</attalias><attrtype Sync="TRUE">String</attrtype><attwidth Sync="TRUE">50</attwidth><atprecis Sync="TRUE">0</atprecis><attscale Sync="TRUE">0</attscale></attr><attr><attrlabl Sync="TRUE">LivingAl_1</attrlabl><attalias Sync="TRUE">LivingAl_1</attalias><attrtype Sync="TRUE">Double</attrtype><attwidth Sync="TRUE">19</attwidth><atprecis Sync="TRUE">0</atprecis><attscale Sync="TRUE">0</attscale></attr><attr><attrlabl Sync="TRUE">IRSDScoreO</attrlabl><attalias Sync="TRUE">IRSDScoreO</attalias><attrtype Sync="TRUE">Double</attrtype><attwidth Sync="TRUE">19</attwidth><atprecis Sync="TRUE">0</atprecis><attscale Sync="TRUE">0</attscale></attr><attr><attrlabl Sync="TRUE">TreatmentP</attrlabl><attalias Sync="TRUE">TreatmentP</attalias><attrtype Sync="TRUE">Integer</attrtype><attwidth Sync="TRUE">10</attwidth><atprecis Sync="TRUE">10</atprecis><attscale Sync="TRUE">0</attscale></attr><attr><attrlabl Sync="TRUE">FlagCombus</attrlabl><attalias Sync="TRUE">FlagCombus</attalias><attrtype Sync="TRUE">Integer</attrtype><attwidth Sync="TRUE">5</attwidth><atprecis Sync="TRUE">5</atprecis><attscale Sync="TRUE">0</attscale></attr><attr><attrlabl Sync="TRUE">FlagBuildi</attrlabl><attalias Sync="TRUE">FlagBuildi</attalias><attrtype Sync="TRUE">Integer</attrtype><attwidth Sync="TRUE">5</attwidth><atprecis Sync="TRUE">5</atprecis><attscale Sync="TRUE">0</attscale></attr><attr><attrlabl Sync="TRUE">FlagTenant</attrlabl><attalias Sync="TRUE">FlagTenant</attalias><attrtype Sync="TRUE">Integer</attrtype><attwidth Sync="TRUE">5</attwidth><atprecis Sync="TRUE">5</atprecis><attscale Sync="TRUE">0</attscale></attr><attr><attrlabl Sync="TRUE">FlagPhysic</attrlabl><attalias Sync="TRUE">FlagPhysic</attalias><attrtype Sync="TRUE">Integer</attrtype><attwidth Sync="TRUE">5</attwidth><atprecis Sync="TRUE">5</atprecis><attscale Sync="TRUE">0</attscale></attr><attr><attrlabl Sync="TRUE">FlagVulner</attrlabl><attalias Sync="TRUE">FlagVulner</attalias><attrtype Sync="TRUE">Integer</attrtype><attwidth Sync="TRUE">5</attwidth><atprecis Sync="TRUE">5</atprecis><attscale Sync="TRUE">0</attscale></attr><attr><attrlabl Sync="TRUE">Postcode</attrlabl><attalias Sync="TRUE">Postcode</attalias><attrtype Sync="TRUE">String</attrtype><attwidth Sync="TRUE">10</attwidth><atprecis Sync="TRUE">0</atprecis><attscale Sync="TRUE">0</attscale></attr><attr><attrlabl Sync="TRUE">ControlE_2</attrlabl><attalias Sync="TRUE">ControlE_2</attalias><attrtype Sync="TRUE">String</attrtype><attwidth Sync="TRUE">254</attwidth><atprecis Sync="TRUE">0</atprecis><attscale Sync="TRUE">0</attscale></attr><attr><attrlabl Sync="TRUE">District</attrlabl><attalias Sync="TRUE">District</attalias><attrtype Sync="TRUE">String</attrtype><attwidth Sync="TRUE">200</attwidth><atprecis Sync="TRUE">0</atprecis><attscale Sync="TRUE">0</attscale></attr><attr><attrlabl Sync="TRUE">DistrictBr</attrlabl><attalias Sync="TRUE">DistrictBr</attalias><attrtype Sync="TRUE">String</attrtype><attwidth Sync="TRUE">200</attwidth><atprecis Sync="TRUE">0</atprecis><attscale Sync="TRUE">0</attscale></attr><attr><attrlabl Sync="TRUE">PostcodeBr</attrlabl><attalias Sync="TRUE">PostcodeBr</attalias><attrtype Sync="TRUE">String</attrtype><attwidth Sync="TRUE">200</attwidth><atprecis Sync="TRUE">0</atprecis><attscale Sync="TRUE">0</attscale></attr><attr><attrlabl Sync="TRUE">LGABreakdo</attrlabl><attalias Sync="TRUE">LGABreakdo</attalias><attrtype Sync="TRUE">String</attrtype><attwidth Sync="TRUE">200</attwidth><atprecis Sync="TRUE">0</atprecis><attscale Sync="TRUE">0</attscale></attr><attr><attrlabl Sync="TRUE">Township_1</attrlabl><attalias Sync="TRUE">Township_1</attalias><attrtype Sync="TRUE">String</attrtype><attwidth Sync="TRUE">254</attwidth><atprecis Sync="TRUE">0</atprecis><attscale Sync="TRUE">0</attscale></attr><attr><attrlabl Sync="TRUE">IgnitionCo</attrlabl><attalias Sync="TRUE">IgnitionCo</attalias><attrtype Sync="TRUE">Integer</attrtype><attwidth Sync="TRUE">10</attwidth><atprecis Sync="TRUE">10</atprecis><attscale Sync="TRUE">0</attscale></attr><attr><attrlabl Sync="TRUE">Ignition_1</attrlabl><attalias Sync="TRUE">Ignition_1</attalias><attrtype Sync="TRUE">Integer</attrtype><attwidth Sync="TRUE">10</attwidth><atprecis Sync="TRUE">10</atprecis><attscale Sync="TRUE">0</attscale></attr><attr><attrlabl Sync="TRUE">AgencyRep</attrlabl><attalias Sync="TRUE">AgencyRep</attalias><attrtype Sync="TRUE">String</attrtype><attwidth Sync="TRUE">150</attwidth><atprecis Sync="TRUE">0</atprecis><attscale Sync="TRUE">0</attscale></attr><attr><attrlabl Sync="TRUE">Inherent_1</attrlabl><attalias Sync="TRUE">Inherent_1</attalias><attrtype Sync="TRUE">String</attrtype><attwidth Sync="TRUE">50</attwidth><atprecis Sync="TRUE">0</atprecis><attscale Sync="TRUE">0</attscale></attr><attr><attrlabl Sync="TRUE">Shape_Leng</attrlabl><attalias Sync="TRUE">Shape_Leng</attalias><attrtype Sync="TRUE">Double</attrtype><attwidth Sync="TRUE">19</attwidth><atprecis Sync="TRUE">0</atprecis><attscale Sync="TRUE">0</attscale></attr><attr><attrlabl Sync="TRUE">Shape_Area</attrlabl><attalias Sync="TRUE">Shape_Area</attalias><attrtype Sync="TRUE">Double</attrtype><attwidth Sync="TRUE">19</attwidth><atprecis Sync="TRUE">0</atprecis><attscale Sync="TRUE">0</attscale><attrdef Sync="TRUE">Area of feature in internal units squared.</attrdef><attrdefs Sync="TRUE">Esri</attrdefs><attrdomv><udom Sync="TRUE">Positive real numbers that are automatically generated.</udom></attrdomv></attr></detailed></eainfo><mdDateSt Sync="TRUE">20241031</mdDateSt></metadata>
