<metadata xml:lang="en"><Esri><CreaDate>20240916</CreaDate><CreaTime>14240400</CreaTime><ArcGISFormat>1.0</ArcGISFormat><SyncOnce>FALSE</SyncOnce><DataProperties><lineage><Process ToolSource="c:\program files\arcgis\pro\Resources\ArcToolbox\Toolboxes\Data Management Tools.tbx\JoinField" Date="20240916" Time="120658">JoinField "Service Area\Polygons" FacilityID "Service Area\Facilities" ObjectID Name "Select transfer fields" # "Do not add indexes"</Process><Process ToolSource="c:\program files\arcgis\pro\Resources\ArcToolbox\Toolboxes\Data Management Tools.tbx\JoinField" Date="20240916" Time="120751">JoinField "Service Area\Polygons" Name_1 FY2025_Q1_Brigades_w_TOT_inc_satellites turnout_id brig_no;brig_name;label;short_name;turnout_mins;distrct_no;firs_cat;fs_type;calc_turnout_mins;Turnout_Label "Select transfer fields" # "Do not add indexes"</Process><Process ToolSource="c:\program files\arcgis\pro\Resources\ArcToolbox\Toolboxes\Data Management Tools.tbx\DeleteField" Date="20240916" Time="120805">DeleteField "Service Area\Polygons" Name_1 "Delete Fields"</Process><Process ToolSource="c:\program files\arcgis\pro\Resources\ArcToolbox\toolboxes\Conversion Tools.tbx\ExportFeatures" Date="20240916" Time="142823">ExportFeatures "Service Area CFA SDS\Polygons" "J:\projects\netmodels\04 Data\Statewide_Profiles\Profiles_2024_07.gdb\Statewide_Response_Profiles_2024_07_SDS" # NOT_USE_ALIAS "FacilityID "FacilityID" true true true 4 Long 0 0,First,#,Service Area CFA SDS\Polygons,FacilityID,-1,-1;Name "Name" true true true 1024 Text 0 0,First,#,Service Area CFA SDS\Polygons,Name,0,1023;FromBreak "FromBreak" true true true 8 Double 0 0,First,#,Service Area CFA SDS\Polygons,FromBreak,-1,-1;ToBreak "ToBreak" true true true 8 Double 0 0,First,#,Service Area CFA SDS\Polygons,ToBreak,-1,-1;Shape_Length "Shape_Length" false true true 8 Double 0 0,First,#,Service Area CFA SDS\Polygons,Shape_Length,-1,-1;Shape_Area "Shape_Area" false true true 8 Double 0 0,First,#,Service Area CFA SDS\Polygons,Shape_Area,-1,-1;brig_no "brig_no" true true false 8 Double 0 0,First,#,Service Area CFA SDS\Polygons,brig_no,-1,-1;brig_name "brig_name" true true false 2000000000 Text 0 0,First,#,Service Area CFA SDS\Polygons,brig_name,0,1999999999;label "label" true true false 2000000000 Text 0 0,First,#,Service Area CFA SDS\Polygons,label,0,1999999999;short_name "short_name" true true false 2000000000 Text 0 0,First,#,Service Area CFA SDS\Polygons,short_name,0,1999999999;turnout_mins "turnout_mins" true true false 8 Double 0 0,First,#,Service Area CFA SDS\Polygons,turnout_mins,-1,-1;distrct_no "distrct_no" true true false 2000000000 Text 0 0,First,#,Service Area CFA SDS\Polygons,distrct_no,0,1999999999;firs_cat "firs_cat" true true false 2000000000 Text 0 0,First,#,Service Area CFA SDS\Polygons,firs_cat,0,1999999999;fs_type "fs_type" true true false 2000000000 Text 0 0,First,#,Service Area CFA SDS\Polygons,fs_type,0,1999999999;calc_turnout_mins "calc_turnout_mins" true true false 8 Double 0 0,First,#,Service Area CFA SDS\Polygons,calc_turnout_mins,-1,-1;Turnout_Label "Turnout_Label" true true false 2000000000 Text 0 0,First,#,Service Area CFA SDS\Polygons,Turnout_Label,0,1999999999" #</Process><Process ToolSource="c:\program files\arcgis\pro\Resources\ArcToolbox\toolboxes\Data Management Tools.tbx\JoinField" Date="20240916" Time="143006">JoinField "CFA SDS polys" FacilityID "Service Area CFA SDS\Facilities" ObjectID Name "Select transfer fields" # "Do not add indexes"</Process><Process ToolSource="c:\program files\arcgis\pro\Resources\ArcToolbox\toolboxes\Data Management Tools.tbx\JoinField" Date="20240916" Time="143024">JoinField "CFA SDS polys" Name_1 FY2025_Q1_Brigades_w_TOT_inc_satellites turnout_id brig_no;brig_name;label;short_name;turnout_mins;distrct_no;firs_cat;fs_type;calc_turnout_mins;Turnout_Label "Select transfer fields" # "Do not add indexes"</Process><Process ToolSource="c:\program files\arcgis\pro\Resources\ArcToolbox\toolboxes\Conversion Tools.tbx\ExportFeatures" Date="20241120" Time="115835">ExportFeatures Statewide_Response_Profiles_2024_07_SDS C:\Users\alexanderj\Documents\ArcGIS\Projects\MyProject6\MyProject6.gdb\Statewide_Resp_ExportFeature4 # NOT_USE_ALIAS "FacilityID "FacilityID" true true false 4 Long 0 0,First,#,Statewide_Response_Profiles_2024_07_SDS,FacilityID,-1,-1;Name "Name" true true false 1024 Text 0 0,First,#,Statewide_Response_Profiles_2024_07_SDS,Name,0,1024;FromBreak "FromBreak" true true false 8 Double 0 0,First,#,Statewide_Response_Profiles_2024_07_SDS,FromBreak,-1,-1;ToBreak "ToBreak" true true false 8 Double 0 0,First,#,Statewide_Response_Profiles_2024_07_SDS,ToBreak,-1,-1;brig_no "brig_no" true true false 8 Double 0 0,First,#,Statewide_Response_Profiles_2024_07_SDS,brig_no,-1,-1;brig_name "brig_name" true true false 2000000000 Text 0 0,First,#,Statewide_Response_Profiles_2024_07_SDS,brig_name,0,2000000000;label "label" true true false 2000000000 Text 0 0,First,#,Statewide_Response_Profiles_2024_07_SDS,label,0,2000000000;short_name "short_name" true true false 2000000000 Text 0 0,First,#,Statewide_Response_Profiles_2024_07_SDS,short_name,0,2000000000;turnout_mins "turnout_mins" true true false 8 Double 0 0,First,#,Statewide_Response_Profiles_2024_07_SDS,turnout_mins,-1,-1;distrct_no "distrct_no" true true false 2000000000 Text 0 0,First,#,Statewide_Response_Profiles_2024_07_SDS,distrct_no,0,2000000000;firs_cat "firs_cat" true true false 2000000000 Text 0 0,First,#,Statewide_Response_Profiles_2024_07_SDS,firs_cat,0,2000000000;fs_type "fs_type" true true false 2000000000 Text 0 0,First,#,Statewide_Response_Profiles_2024_07_SDS,fs_type,0,2000000000;calc_turnout_mins "calc_turnout_mins" true true false 8 Double 0 0,First,#,Statewide_Response_Profiles_2024_07_SDS,calc_turnout_mins,-1,-1;Turnout_Label "Turnout_Label" true true false 2000000000 Text 0 0,First,#,Statewide_Response_Profiles_2024_07_SDS,Turnout_Label,0,2000000000;Shape_Length "Shape_Length" false true true 8 Double 0 0,First,#,Statewide_Response_Profiles_2024_07_SDS,Shape_Length,-1,-1;Shape_Area "Shape_Area" false true true 8 Double 0 0,First,#,Statewide_Response_Profiles_2024_07_SDS,Shape_Area,-1,-1;Name_1 "Name" true true false 500 Text 0 0,First,#,Statewide_Response_Profiles_2024_07_SDS,Name_1,0,500;brig_no_1 "brig_no" true true false 8 Double 0 0,First,#,Statewide_Response_Profiles_2024_07_SDS,brig_no_1,-1,-1;brig_name_1 "brig_name" true true false 2000000000 Text 0 0,First,#,Statewide_Response_Profiles_2024_07_SDS,brig_name_1,0,2000000000;label_1 "label" true true false 2000000000 Text 0 0,First,#,Statewide_Response_Profiles_2024_07_SDS,label_1,0,2000000000;short_name_1 "short_name" true true false 2000000000 Text 0 0,First,#,Statewide_Response_Profiles_2024_07_SDS,short_name_1,0,2000000000;turnout_mins_1 "turnout_mins" true true false 8 Double 0 0,First,#,Statewide_Response_Profiles_2024_07_SDS,turnout_mins_1,-1,-1;distrct_no_1 "distrct_no" true true false 2000000000 Text 0 0,First,#,Statewide_Response_Profiles_2024_07_SDS,distrct_no_1,0,2000000000;firs_cat_1 "firs_cat" true true false 2000000000 Text 0 0,First,#,Statewide_Response_Profiles_2024_07_SDS,firs_cat_1,0,2000000000;fs_type_1 "fs_type" true true false 2000000000 Text 0 0,First,#,Statewide_Response_Profiles_2024_07_SDS,fs_type_1,0,2000000000;calc_turnout_mins_1 "calc_turnout_mins" true true false 8 Double 0 0,First,#,Statewide_Response_Profiles_2024_07_SDS,calc_turnout_mins_1,-1,-1;Turnout_Label_1 "Turnout_Label" true true false 2000000000 Text 0 0,First,#,Statewide_Response_Profiles_2024_07_SDS,Turnout_Label_1,0,2000000000" #</Process><Process ToolSource="c:\program files\arcgis\pro\Resources\ArcToolbox\toolboxes\Data Management Tools.tbx\CopyFeatures" Date="20241120" Time="123147">CopyFeatures 8min_sds C:\Users\alexanderj\Documents\spatial_layers\8min_sds.shp # # # #</Process></lineage><itemProps><itemLocation><linkage Sync="TRUE">file://\\CEQJC5PJS3\C$\Users\alexanderj\Documents\spatial_layers\8min_sds.shp</linkage><protocol Sync="TRUE">Local Area Network</protocol></itemLocation><itemName Sync="TRUE">8min_sds</itemName><imsContentType Sync="TRUE">002</imsContentType><itemSize Sync="TRUE">0.000</itemSize></itemProps><coordRef><type Sync="TRUE">Projected</type><geogcsn Sync="TRUE">GDA2020</geogcsn><csUnits Sync="TRUE">Linear Unit: Meter (1.000000)</csUnits><projcsn Sync="TRUE">GDA2020_Vicgrid</projcsn><peXml Sync="TRUE">&lt;ProjectedCoordinateSystem xsi:type='typens:ProjectedCoordinateSystem' xmlns:xsi='http://www.w3.org/2001/XMLSchema-instance' xmlns:xs='http://www.w3.org/2001/XMLSchema' xmlns:typens='http://www.esri.com/schemas/ArcGIS/3.1.0'&gt;&lt;WKT&gt;PROJCS[&amp;quot;GDA2020_Vicgrid&amp;quot;,GEOGCS[&amp;quot;GDA2020&amp;quot;,DATUM[&amp;quot;GDA2020&amp;quot;,SPHEROID[&amp;quot;GRS_1980&amp;quot;,6378137.0,298.257222101]],PRIMEM[&amp;quot;Greenwich&amp;quot;,0.0],UNIT[&amp;quot;Degree&amp;quot;,0.0174532925199433]],PROJECTION[&amp;quot;Lambert_Conformal_Conic&amp;quot;],PARAMETER[&amp;quot;False_Easting&amp;quot;,2500000.0],PARAMETER[&amp;quot;False_Northing&amp;quot;,2500000.0],PARAMETER[&amp;quot;Central_Meridian&amp;quot;,145.0],PARAMETER[&amp;quot;Standard_Parallel_1&amp;quot;,-36.0],PARAMETER[&amp;quot;Standard_Parallel_2&amp;quot;,-38.0],PARAMETER[&amp;quot;Latitude_Of_Origin&amp;quot;,-37.0],UNIT[&amp;quot;Meter&amp;quot;,1.0],AUTHORITY[&amp;quot;EPSG&amp;quot;,7899]]&lt;/WKT&gt;&lt;XOrigin&gt;-34932800&lt;/XOrigin&gt;&lt;YOrigin&gt;-17746400&lt;/YOrigin&gt;&lt;XYScale&gt;120311588.42967919&lt;/XYScale&gt;&lt;ZOrigin&gt;-100000&lt;/ZOrigin&gt;&lt;ZScale&gt;10000&lt;/ZScale&gt;&lt;MOrigin&gt;-100000&lt;/MOrigin&gt;&lt;MScale&gt;10000&lt;/MScale&gt;&lt;XYTolerance&gt;0.001&lt;/XYTolerance&gt;&lt;ZTolerance&gt;0.001&lt;/ZTolerance&gt;&lt;MTolerance&gt;0.001&lt;/MTolerance&gt;&lt;HighPrecision&gt;true&lt;/HighPrecision&gt;&lt;WKID&gt;7899&lt;/WKID&gt;&lt;LatestWKID&gt;7899&lt;/LatestWKID&gt;&lt;/ProjectedCoordinateSystem&gt;</peXml></coordRef></DataProperties><SyncDate>20241120</SyncDate><SyncTime>12314700</SyncTime><ModDate>20241120</ModDate><ModTime>12314700</ModTime></Esri><dataIdInfo><envirDesc Sync="TRUE">Microsoft Windows 10 Version 10.0 (Build 22621) ; Esri ArcGIS 13.1.0.41833</envirDesc><dataLang><languageCode value="eng" Sync="TRUE"></languageCode><countryCode value="AUS" Sync="TRUE"></countryCode></dataLang><idCitation><resTitle Sync="TRUE">8min_sds</resTitle><presForm><PresFormCd value="005" Sync="TRUE"></PresFormCd></presForm></idCitation><spatRpType><SpatRepTypCd value="001" Sync="TRUE"></SpatRepTypCd></spatRpType></dataIdInfo><mdLang><languageCode value="eng" Sync="TRUE"></languageCode><countryCode value="AUS" Sync="TRUE"></countryCode></mdLang><distInfo><distFormat><formatName Sync="TRUE">Shapefile</formatName></distFormat><distTranOps><transSize Sync="TRUE">0.000</transSize></distTranOps></distInfo><mdHrLv><ScopeCd value="005" Sync="TRUE"></ScopeCd></mdHrLv><mdHrLvName Sync="TRUE">dataset</mdHrLvName><refSysInfo><RefSystem><refSysID><identCode code="7899" Sync="TRUE"></identCode><idCodeSpace Sync="TRUE">EPSG</idCodeSpace><idVersion Sync="TRUE">9.0(10.5.1)</idVersion></refSysID></RefSystem></refSysInfo><spatRepInfo><VectSpatRep><geometObjs Name="8min_sds"><geoObjTyp><GeoObjTypCd value="002" Sync="TRUE"></GeoObjTypCd></geoObjTyp><geoObjCnt Sync="TRUE">0</geoObjCnt></geometObjs><topLvl><TopoLevCd value="001" Sync="TRUE"></TopoLevCd></topLvl></VectSpatRep></spatRepInfo><spdoinfo><ptvctinf><esriterm Name="8min_sds"><efeatyp Sync="TRUE">Simple</efeatyp><efeageom code="4" Sync="TRUE"></efeageom><esritopo Sync="TRUE">FALSE</esritopo><efeacnt Sync="TRUE">0</efeacnt><spindex Sync="TRUE">FALSE</spindex><linrefer Sync="TRUE">FALSE</linrefer></esriterm></ptvctinf></spdoinfo><eainfo><detailed Name="8min_sds"><enttyp><enttypl Sync="TRUE">8min_sds</enttypl><enttypt Sync="TRUE">Feature Class</enttypt><enttypc Sync="TRUE">0</enttypc></enttyp><attr><attrlabl Sync="TRUE">FID</attrlabl><attalias Sync="TRUE">FID</attalias><attrtype Sync="TRUE">OID</attrtype><attwidth Sync="TRUE">4</attwidth><atprecis Sync="TRUE">0</atprecis><attscale Sync="TRUE">0</attscale><attrdef Sync="TRUE">Internal feature number.</attrdef><attrdefs Sync="TRUE">Esri</attrdefs><attrdomv><udom Sync="TRUE">Sequential unique whole numbers that are automatically generated.</udom></attrdomv></attr><attr><attrlabl Sync="TRUE">Shape</attrlabl><attalias Sync="TRUE">Shape</attalias><attrtype Sync="TRUE">Geometry</attrtype><attwidth Sync="TRUE">0</attwidth><atprecis Sync="TRUE">0</atprecis><attscale Sync="TRUE">0</attscale><attrdef Sync="TRUE">Feature geometry.</attrdef><attrdefs Sync="TRUE">Esri</attrdefs><attrdomv><udom Sync="TRUE">Coordinates defining the features.</udom></attrdomv></attr><attr><attrlabl Sync="TRUE">FacilityID</attrlabl><attalias Sync="TRUE">FacilityID</attalias><attrtype Sync="TRUE">Integer</attrtype><attwidth Sync="TRUE">10</attwidth><atprecis Sync="TRUE">10</atprecis><attscale Sync="TRUE">0</attscale></attr><attr><attrlabl Sync="TRUE">Name</attrlabl><attalias Sync="TRUE">Name</attalias><attrtype Sync="TRUE">String</attrtype><attwidth Sync="TRUE">254</attwidth><atprecis Sync="TRUE">0</atprecis><attscale Sync="TRUE">0</attscale></attr><attr><attrlabl Sync="TRUE">FromBreak</attrlabl><attalias Sync="TRUE">FromBreak</attalias><attrtype Sync="TRUE">Double</attrtype><attwidth Sync="TRUE">19</attwidth><atprecis Sync="TRUE">0</atprecis><attscale Sync="TRUE">0</attscale></attr><attr><attrlabl Sync="TRUE">ToBreak</attrlabl><attalias Sync="TRUE">ToBreak</attalias><attrtype Sync="TRUE">Double</attrtype><attwidth Sync="TRUE">19</attwidth><atprecis Sync="TRUE">0</atprecis><attscale Sync="TRUE">0</attscale></attr><attr><attrlabl Sync="TRUE">brig_no</attrlabl><attalias Sync="TRUE">brig_no</attalias><attrtype Sync="TRUE">Double</attrtype><attwidth Sync="TRUE">19</attwidth><atprecis Sync="TRUE">0</atprecis><attscale Sync="TRUE">0</attscale></attr><attr><attrlabl Sync="TRUE">brig_name</attrlabl><attalias Sync="TRUE">brig_name</attalias><attrtype Sync="TRUE">String</attrtype><attwidth Sync="TRUE">254</attwidth><atprecis Sync="TRUE">0</atprecis><attscale Sync="TRUE">0</attscale></attr><attr><attrlabl Sync="TRUE">label</attrlabl><attalias Sync="TRUE">label</attalias><attrtype Sync="TRUE">String</attrtype><attwidth Sync="TRUE">254</attwidth><atprecis Sync="TRUE">0</atprecis><attscale Sync="TRUE">0</attscale></attr><attr><attrlabl Sync="TRUE">short_name</attrlabl><attalias Sync="TRUE">short_name</attalias><attrtype Sync="TRUE">String</attrtype><attwidth Sync="TRUE">254</attwidth><atprecis Sync="TRUE">0</atprecis><attscale Sync="TRUE">0</attscale></attr><attr><attrlabl Sync="TRUE">turnout_mi</attrlabl><attalias Sync="TRUE">turnout_mi</attalias><attrtype Sync="TRUE">Double</attrtype><attwidth Sync="TRUE">19</attwidth><atprecis Sync="TRUE">0</atprecis><attscale Sync="TRUE">0</attscale></attr><attr><attrlabl Sync="TRUE">distrct_no</attrlabl><attalias Sync="TRUE">distrct_no</attalias><attrtype Sync="TRUE">String</attrtype><attwidth Sync="TRUE">254</attwidth><atprecis Sync="TRUE">0</atprecis><attscale Sync="TRUE">0</attscale></attr><attr><attrlabl Sync="TRUE">firs_cat</attrlabl><attalias Sync="TRUE">firs_cat</attalias><attrtype Sync="TRUE">String</attrtype><attwidth Sync="TRUE">254</attwidth><atprecis Sync="TRUE">0</atprecis><attscale Sync="TRUE">0</attscale></attr><attr><attrlabl Sync="TRUE">fs_type</attrlabl><attalias Sync="TRUE">fs_type</attalias><attrtype Sync="TRUE">String</attrtype><attwidth Sync="TRUE">254</attwidth><atprecis Sync="TRUE">0</atprecis><attscale Sync="TRUE">0</attscale></attr><attr><attrlabl Sync="TRUE">calc_turno</attrlabl><attalias Sync="TRUE">calc_turno</attalias><attrtype Sync="TRUE">Double</attrtype><attwidth Sync="TRUE">19</attwidth><atprecis Sync="TRUE">0</atprecis><attscale Sync="TRUE">0</attscale></attr><attr><attrlabl Sync="TRUE">Turnout_La</attrlabl><attalias Sync="TRUE">Turnout_La</attalias><attrtype Sync="TRUE">String</attrtype><attwidth Sync="TRUE">254</attwidth><atprecis Sync="TRUE">0</atprecis><attscale Sync="TRUE">0</attscale></attr><attr><attrlabl Sync="TRUE">Name_1</attrlabl><attalias Sync="TRUE">Name_1</attalias><attrtype Sync="TRUE">String</attrtype><attwidth Sync="TRUE">254</attwidth><atprecis Sync="TRUE">0</atprecis><attscale Sync="TRUE">0</attscale></attr><attr><attrlabl Sync="TRUE">brig_no_1</attrlabl><attalias Sync="TRUE">brig_no_1</attalias><attrtype Sync="TRUE">Double</attrtype><attwidth Sync="TRUE">19</attwidth><atprecis Sync="TRUE">0</atprecis><attscale Sync="TRUE">0</attscale></attr><attr><attrlabl Sync="TRUE">brig_name_</attrlabl><attalias Sync="TRUE">brig_name_</attalias><attrtype Sync="TRUE">String</attrtype><attwidth Sync="TRUE">254</attwidth><atprecis Sync="TRUE">0</atprecis><attscale Sync="TRUE">0</attscale></attr><attr><attrlabl Sync="TRUE">label_1</attrlabl><attalias Sync="TRUE">label_1</attalias><attrtype Sync="TRUE">String</attrtype><attwidth Sync="TRUE">254</attwidth><atprecis Sync="TRUE">0</atprecis><attscale Sync="TRUE">0</attscale></attr><attr><attrlabl Sync="TRUE">short_na_1</attrlabl><attalias Sync="TRUE">short_na_1</attalias><attrtype Sync="TRUE">String</attrtype><attwidth Sync="TRUE">254</attwidth><atprecis Sync="TRUE">0</atprecis><attscale Sync="TRUE">0</attscale></attr><attr><attrlabl Sync="TRUE">turnout__1</attrlabl><attalias Sync="TRUE">turnout__1</attalias><attrtype Sync="TRUE">Double</attrtype><attwidth Sync="TRUE">19</attwidth><atprecis Sync="TRUE">0</atprecis><attscale Sync="TRUE">0</attscale></attr><attr><attrlabl Sync="TRUE">distrct__1</attrlabl><attalias Sync="TRUE">distrct__1</attalias><attrtype Sync="TRUE">String</attrtype><attwidth Sync="TRUE">254</attwidth><atprecis Sync="TRUE">0</atprecis><attscale Sync="TRUE">0</attscale></attr><attr><attrlabl Sync="TRUE">firs_cat_1</attrlabl><attalias Sync="TRUE">firs_cat_1</attalias><attrtype Sync="TRUE">String</attrtype><attwidth Sync="TRUE">254</attwidth><atprecis Sync="TRUE">0</atprecis><attscale Sync="TRUE">0</attscale></attr><attr><attrlabl Sync="TRUE">fs_type_1</attrlabl><attalias Sync="TRUE">fs_type_1</attalias><attrtype Sync="TRUE">String</attrtype><attwidth Sync="TRUE">254</attwidth><atprecis Sync="TRUE">0</atprecis><attscale Sync="TRUE">0</attscale></attr><attr><attrlabl Sync="TRUE">calc_tur_1</attrlabl><attalias Sync="TRUE">calc_tur_1</attalias><attrtype Sync="TRUE">Double</attrtype><attwidth Sync="TRUE">19</attwidth><atprecis Sync="TRUE">0</atprecis><attscale Sync="TRUE">0</attscale></attr><attr><attrlabl Sync="TRUE">Turnout__2</attrlabl><attalias Sync="TRUE">Turnout__2</attalias><attrtype Sync="TRUE">String</attrtype><attwidth Sync="TRUE">254</attwidth><atprecis Sync="TRUE">0</atprecis><attscale Sync="TRUE">0</attscale></attr><attr><attrlabl Sync="TRUE">Shape_Leng</attrlabl><attalias Sync="TRUE">Shape_Leng</attalias><attrtype Sync="TRUE">Double</attrtype><attwidth Sync="TRUE">19</attwidth><atprecis Sync="TRUE">0</atprecis><attscale Sync="TRUE">0</attscale></attr><attr><attrlabl Sync="TRUE">Shape_Area</attrlabl><attalias Sync="TRUE">Shape_Area</attalias><attrtype Sync="TRUE">Double</attrtype><attwidth Sync="TRUE">19</attwidth><atprecis Sync="TRUE">0</atprecis><attscale Sync="TRUE">0</attscale><attrdef Sync="TRUE">Area of feature in internal units squared.</attrdef><attrdefs Sync="TRUE">Esri</attrdefs><attrdomv><udom Sync="TRUE">Positive real numbers that are automatically generated.</udom></attrdomv></attr></detailed></eainfo><mdDateSt Sync="TRUE">20241120</mdDateSt></metadata>
