<?xml version="1.0" encoding="UTF-8"?>
<metadata xml:lang="en"><Esri><CreaDate>20240822</CreaDate><CreaTime>09263700</CreaTime><ArcGISFormat>1.0</ArcGISFormat><SyncOnce>TRUE</SyncOnce><DataProperties><lineage><Process ToolSource="c:\program files\arcgis\pro\Resources\ArcToolbox\toolboxes\Data Management Tools.tbx\CopyFeatures" Date="20240822" Time="092637">CopyFeatures "CFA Fire Station" "C:\Users\alexanderj\Documents\Repos\CFA Fire Station.shp" # # # #</Process></lineage></DataProperties></Esri></metadata>
