<?xml version="1.0" encoding="UTF-8"?>
<metadata xml:lang="en"><Esri><CreaDate>20240822</CreaDate><CreaTime>09312800</CreaTime><ArcGISFormat>1.0</ArcGISFormat><SyncOnce>TRUE</SyncOnce><DataProperties><lineage><Process ToolSource="c:\program files\arcgis\pro\Resources\ArcToolbox\toolboxes\Data Management Tools.tbx\CopyFeatures" Date="20240822" Time="093128">CopyFeatures "CFA Brigade" "C:\Users\alexanderj\Documents\Repos\spatial_layers\CFA Brigade.shp" # # # #</Process></lineage></DataProperties></Esri></metadata>
