<metadata xml:lang="en"><Esri><CreaDate>20240221</CreaDate><CreaTime>10000700</CreaTime><ArcGISFormat>1.0</ArcGISFormat><SyncOnce>FALSE</SyncOnce><DataProperties><lineage><Process ToolSource="c:\program files\arcgis\pro\Resources\ArcToolbox\Toolboxes\Data Management Tools.tbx\UpdateSchema" Date="20240221" Time="100007">UpdateSchema "CIMDATA=&lt;CIMFeatureDatasetDataConnection xsi:type='typens:CIMFeatureDatasetDataConnection' xmlns:xsi='http://www.w3.org/2001/XMLSchema-instance' xmlns:xs='http://www.w3.org/2001/XMLSchema' xmlns:typens='http://www.esri.com/schemas/ArcGIS/3.2.0'&gt;&lt;FeatureDataset&gt;ServiceAreaSolver14ycbbk&lt;/FeatureDataset&gt;&lt;WorkspaceConnectionString&gt;DATABASE=J:\projects\netmodels\04 Data\Statewide_Profiles\aprx\Response_Profiles_2024_01\Response_Profiles_2024_01.gdb&lt;/WorkspaceConnectionString&gt;&lt;WorkspaceFactory&gt;FileGDB&lt;/WorkspaceFactory&gt;&lt;Dataset&gt;SAPolygonshtra04&lt;/Dataset&gt;&lt;DatasetType&gt;esriDTFeatureClass&lt;/DatasetType&gt;&lt;/CIMFeatureDatasetDataConnection&gt;" &lt;operationSequence&gt;&lt;workflow&gt;&lt;AddField&gt;&lt;field_name&gt;Turnout_ID&lt;/field_name&gt;&lt;field_type&gt;TEXT&lt;/field_type&gt;&lt;field_length&gt;30&lt;/field_length&gt;&lt;field_is_nullable&gt;True&lt;/field_is_nullable&gt;&lt;field_is_required&gt;False&lt;/field_is_required&gt;&lt;/AddField&gt;&lt;/workflow&gt;&lt;/operationSequence&gt;</Process><Process ToolSource="c:\program files\arcgis\pro\Resources\ArcToolbox\Toolboxes\Data Management Tools.tbx\CalculateField" Date="20240221" Time="100042">CalculateField "Service Area\Polygons" Turnout_ID !Name![:!Name!.find(" :")] Python # Text NO_ENFORCE_DOMAINS</Process><Process ToolSource="c:\program files\arcgis\pro\Resources\ArcToolbox\Toolboxes\Data Management Tools.tbx\JoinField" Date="20240221" Time="100147">JoinField "Service Area\Polygons" Turnout_ID FY2024_Q2_Brigades_w_TOT_inc_satellites_v2 turnout_id brig_name;label;short_name;turnout_mins;firs_cat;fs_type;calc_turnout_mins;Turnout_Label "Select transfer fields" # "Do not add indexes"</Process><Process ToolSource="c:\program files\arcgis\pro\Resources\ArcToolbox\Toolboxes\Data Management Tools.tbx\CalculateField" Date="20240221" Time="104351">CalculateField "Service Area\Polygons" Turnout_ID !Name![:!Name!.find(" :")] Python # Text NO_ENFORCE_DOMAINS</Process><Process ToolSource="c:\program files\arcgis\pro\Resources\ArcToolbox\Toolboxes\Data Management Tools.tbx\DeleteField" Date="20240221" Time="104421">DeleteField "Service Area\Polygons" brig_name;label;short_name;turnout_mins;firs_cat;fs_type;calc_turnout_mins;Turnout_Label "Delete Fields"</Process><Process ToolSource="c:\program files\arcgis\pro\Resources\ArcToolbox\Toolboxes\Data Management Tools.tbx\JoinField" Date="20240221" Time="104432">JoinField "Service Area\Polygons" Turnout_ID FY2024_Q2_Brigades_w_TOT_inc_satellites_v2 turnout_id brig_name;label;short_name;turnout_mins;firs_cat;fs_type;calc_turnout_mins;Turnout_Label "Select transfer fields" # "Do not add indexes"</Process><Process ToolSource="c:\program files\arcgis\pro\Resources\ArcToolbox\Toolboxes\Conversion Tools.tbx\ExportFeatures" Date="20240221" Time="104611">ExportFeatures "Service Area\Polygons" "J:\projects\netmodels\04 Data\Statewide_Profiles\Profiles_2024_1.gdb\Statewide_Response_Profiles_2023_07" # NOT_USE_ALIAS "FacilityID "FacilityID" true true true 4 Long 0 0,First,#,Service Area\Polygons,FacilityID,-1,-1;Name "Name" true true true 1024 Text 0 0,First,#,Service Area\Polygons,Name,0,1023;FromBreak "FromBreak" true true true 8 Double 0 0,First,#,Service Area\Polygons,FromBreak,-1,-1;ToBreak "ToBreak" true true true 8 Double 0 0,First,#,Service Area\Polygons,ToBreak,-1,-1;Shape_Length "Shape_Length" false true true 8 Double 0 0,First,#,Service Area\Polygons,Shape_Length,-1,-1;Shape_Area "Shape_Area" false true true 8 Double 0 0,First,#,Service Area\Polygons,Shape_Area,-1,-1;Turnout_ID "Turnout_ID" true true false 30 Text 0 0,First,#,Service Area\Polygons,Turnout_ID,0,29;brig_name "brig_name" true true false 2000000000 Text 0 0,First,#,Service Area\Polygons,brig_name,0,1999999999;label "label" true true false 2000000000 Text 0 0,First,#,Service Area\Polygons,label,0,1999999999;short_name "short_name" true true false 2000000000 Text 0 0,First,#,Service Area\Polygons,short_name,0,1999999999;turnout_mins "turnout_mins" true true false 8 Double 0 0,First,#,Service Area\Polygons,turnout_mins,-1,-1;firs_cat "firs_cat" true true false 2000000000 Text 0 0,First,#,Service Area\Polygons,firs_cat,0,1999999999;fs_type "fs_type" true true false 2000000000 Text 0 0,First,#,Service Area\Polygons,fs_type,0,1999999999;calc_turnout_mins "calc_turnout_mins" true true false 8 Double 0 0,First,#,Service Area\Polygons,calc_turnout_mins,-1,-1;Turnout_Label "Turnout_Label" true true false 2000000000 Text 0 0,First,#,Service Area\Polygons,Turnout_Label,0,1999999999" #</Process><Process ToolSource="c:\program files\arcgis\pro\Resources\ArcToolbox\Toolboxes\Data Management Tools.tbx\UpdateSchema" Date="20240221" Time="110956">UpdateSchema "CIMDATA=&lt;CIMStandardDataConnection xsi:type='typens:CIMStandardDataConnection' xmlns:xsi='http://www.w3.org/2001/XMLSchema-instance' xmlns:xs='http://www.w3.org/2001/XMLSchema' xmlns:typens='http://www.esri.com/schemas/ArcGIS/3.2.0'&gt;&lt;WorkspaceConnectionString&gt;DATABASE=J:\projects\netmodels\04 Data\Statewide_Profiles\Profiles_2024_1.gdb&lt;/WorkspaceConnectionString&gt;&lt;WorkspaceFactory&gt;FileGDB&lt;/WorkspaceFactory&gt;&lt;Dataset&gt;Statewide_Response_Profiles_2023_07&lt;/Dataset&gt;&lt;DatasetType&gt;esriDTFeatureClass&lt;/DatasetType&gt;&lt;/CIMStandardDataConnection&gt;" &lt;operationSequence&gt;&lt;workflow&gt;&lt;AddField&gt;&lt;field_name&gt;Response_Time&lt;/field_name&gt;&lt;field_type&gt;DOUBLE&lt;/field_type&gt;&lt;field_is_nullable&gt;True&lt;/field_is_nullable&gt;&lt;field_is_required&gt;False&lt;/field_is_required&gt;&lt;/AddField&gt;&lt;/workflow&gt;&lt;workflow&gt;&lt;AddField&gt;&lt;field_name&gt;Brigade_Name_Upper&lt;/field_name&gt;&lt;field_type&gt;TEXT&lt;/field_type&gt;&lt;field_length&gt;150&lt;/field_length&gt;&lt;field_is_nullable&gt;True&lt;/field_is_nullable&gt;&lt;field_is_required&gt;False&lt;/field_is_required&gt;&lt;/AddField&gt;&lt;/workflow&gt;&lt;/operationSequence&gt;</Process><Process ToolSource="c:\program files\arcgis\pro\Resources\ArcToolbox\Toolboxes\Data Management Tools.tbx\CalculateField" Date="20240221" Time="111008">CalculateField Statewide_Response_Profiles_2023_07 Response_Time !ToBreak! Python # Text NO_ENFORCE_DOMAINS</Process><Process ToolSource="c:\program files\arcgis\pro\Resources\ArcToolbox\Toolboxes\Data Management Tools.tbx\CalculateField" Date="20240221" Time="111024">CalculateField Statewide_Response_Profiles_2023_07 Brigade_Name_Upper !brig_name!.upper() Python # Text NO_ENFORCE_DOMAINS</Process><Process ToolSource="c:\program files\arcgis\pro\Resources\ArcToolbox\Toolboxes\Data Management Tools.tbx\Rename" Date="20240221" Time="111125">Rename "J:\projects\netmodels\04 Data\Statewide_Profiles\Profiles_2024_1.gdb\Statewide_Response_Profiles_2023_07" "J:\projects\netmodels\04 Data\Statewide_Profiles\Profiles_2024_1.gdb\Statewide_Response_Profiles_2024_01" FeatureClass</Process><Process ToolSource="c:\program files\arcgis\pro\Resources\ArcToolbox\toolboxes\Data Management Tools.tbx\CopyFeatures" Date="20240822" Time="092934">CopyFeatures CFA_Response_Profiles_10min C:\Users\alexanderj\Documents\Repos\spatial_layers\CFA_Response_Profiles_10min.shp # # # #</Process></lineage><itemProps><itemName Sync="TRUE">CFA_Response_Profiles_10min</itemName><imsContentType Sync="TRUE">002</imsContentType><itemLocation><linkage Sync="TRUE">file://\\CEQJC5PJS3\C$\Users\alexanderj\Documents\Repos\spatial_layers\CFA_Response_Profiles_10min.shp</linkage><protocol Sync="TRUE">Local Area Network</protocol></itemLocation><itemSize Sync="TRUE">0.000</itemSize></itemProps><coordRef><type Sync="TRUE">Projected</type><geogcsn Sync="TRUE">GDA2020</geogcsn><csUnits Sync="TRUE">Linear Unit: Meter (1.000000)</csUnits><projcsn Sync="TRUE">GDA2020_Vicgrid</projcsn><peXml Sync="TRUE">&lt;ProjectedCoordinateSystem xsi:type='typens:ProjectedCoordinateSystem' xmlns:xsi='http://www.w3.org/2001/XMLSchema-instance' xmlns:xs='http://www.w3.org/2001/XMLSchema' xmlns:typens='http://www.esri.com/schemas/ArcGIS/3.1.0'&gt;&lt;WKT&gt;PROJCS[&amp;quot;GDA2020_Vicgrid&amp;quot;,GEOGCS[&amp;quot;GDA2020&amp;quot;,DATUM[&amp;quot;GDA2020&amp;quot;,SPHEROID[&amp;quot;GRS_1980&amp;quot;,6378137.0,298.257222101]],PRIMEM[&amp;quot;Greenwich&amp;quot;,0.0],UNIT[&amp;quot;Degree&amp;quot;,0.0174532925199433]],PROJECTION[&amp;quot;Lambert_Conformal_Conic&amp;quot;],PARAMETER[&amp;quot;False_Easting&amp;quot;,2500000.0],PARAMETER[&amp;quot;False_Northing&amp;quot;,2500000.0],PARAMETER[&amp;quot;Central_Meridian&amp;quot;,145.0],PARAMETER[&amp;quot;Standard_Parallel_1&amp;quot;,-36.0],PARAMETER[&amp;quot;Standard_Parallel_2&amp;quot;,-38.0],PARAMETER[&amp;quot;Latitude_Of_Origin&amp;quot;,-37.0],UNIT[&amp;quot;Meter&amp;quot;,1.0],AUTHORITY[&amp;quot;EPSG&amp;quot;,7899]]&lt;/WKT&gt;&lt;XOrigin&gt;-34932800&lt;/XOrigin&gt;&lt;YOrigin&gt;-17746400&lt;/YOrigin&gt;&lt;XYScale&gt;120311588.42967919&lt;/XYScale&gt;&lt;ZOrigin&gt;-100000&lt;/ZOrigin&gt;&lt;ZScale&gt;10000&lt;/ZScale&gt;&lt;MOrigin&gt;-100000&lt;/MOrigin&gt;&lt;MScale&gt;10000&lt;/MScale&gt;&lt;XYTolerance&gt;0.001&lt;/XYTolerance&gt;&lt;ZTolerance&gt;0.001&lt;/ZTolerance&gt;&lt;MTolerance&gt;0.001&lt;/MTolerance&gt;&lt;HighPrecision&gt;true&lt;/HighPrecision&gt;&lt;WKID&gt;7899&lt;/WKID&gt;&lt;LatestWKID&gt;7899&lt;/LatestWKID&gt;&lt;/ProjectedCoordinateSystem&gt;</peXml></coordRef></DataProperties><SyncDate>20240822</SyncDate><SyncTime>09293400</SyncTime><ModDate>20240822</ModDate><ModTime>09293400</ModTime></Esri><dataIdInfo><envirDesc Sync="TRUE">Microsoft Windows 10 Version 10.0 (Build 22621) ; Esri ArcGIS 13.1.0.41833</envirDesc><dataLang><languageCode value="eng" Sync="TRUE"></languageCode><countryCode value="AUS" Sync="TRUE"></countryCode></dataLang><idCitation><resTitle Sync="TRUE">CFA_Response_Profiles_10min</resTitle><presForm><PresFormCd value="005" Sync="TRUE"></PresFormCd></presForm></idCitation><spatRpType><SpatRepTypCd value="001" Sync="TRUE"></SpatRepTypCd></spatRpType></dataIdInfo><mdLang><languageCode value="eng" Sync="TRUE"></languageCode><countryCode value="AUS" Sync="TRUE"></countryCode></mdLang><distInfo><distFormat><formatName Sync="TRUE">Shapefile</formatName></distFormat><distTranOps><transSize Sync="TRUE">0.000</transSize></distTranOps></distInfo><mdHrLv><ScopeCd value="005" Sync="TRUE"></ScopeCd></mdHrLv><mdHrLvName Sync="TRUE">dataset</mdHrLvName><refSysInfo><RefSystem><refSysID><identCode code="7899" Sync="TRUE"></identCode><idCodeSpace Sync="TRUE">EPSG</idCodeSpace><idVersion Sync="TRUE">9.0(10.5.1)</idVersion></refSysID></RefSystem></refSysInfo><spatRepInfo><VectSpatRep><geometObjs Name="CFA_Response_Profiles_10min"><geoObjTyp><GeoObjTypCd value="002" Sync="TRUE"></GeoObjTypCd></geoObjTyp><geoObjCnt Sync="TRUE">0</geoObjCnt></geometObjs><topLvl><TopoLevCd value="001" Sync="TRUE"></TopoLevCd></topLvl></VectSpatRep></spatRepInfo><spdoinfo><ptvctinf><esriterm Name="CFA_Response_Profiles_10min"><efeatyp Sync="TRUE">Simple</efeatyp><efeageom code="4" Sync="TRUE"></efeageom><esritopo Sync="TRUE">FALSE</esritopo><efeacnt Sync="TRUE">0</efeacnt><spindex Sync="TRUE">FALSE</spindex><linrefer Sync="TRUE">FALSE</linrefer></esriterm></ptvctinf></spdoinfo><eainfo><detailed Name="CFA_Response_Profiles_10min"><enttyp><enttypl Sync="TRUE">CFA_Response_Profiles_10min</enttypl><enttypt Sync="TRUE">Feature Class</enttypt><enttypc Sync="TRUE">0</enttypc></enttyp><attr><attrlabl Sync="TRUE">FID</attrlabl><attalias Sync="TRUE">FID</attalias><attrtype Sync="TRUE">OID</attrtype><attwidth Sync="TRUE">4</attwidth><atprecis Sync="TRUE">0</atprecis><attscale Sync="TRUE">0</attscale><attrdef Sync="TRUE">Internal feature number.</attrdef><attrdefs Sync="TRUE">Esri</attrdefs><attrdomv><udom Sync="TRUE">Sequential unique whole numbers that are automatically generated.</udom></attrdomv></attr><attr><attrlabl Sync="TRUE">Shape</attrlabl><attalias Sync="TRUE">Shape</attalias><attrtype Sync="TRUE">Geometry</attrtype><attwidth Sync="TRUE">0</attwidth><atprecis Sync="TRUE">0</atprecis><attscale Sync="TRUE">0</attscale><attrdef Sync="TRUE">Feature geometry.</attrdef><attrdefs Sync="TRUE">Esri</attrdefs><attrdomv><udom Sync="TRUE">Coordinates defining the features.</udom></attrdomv></attr><attr><attrlabl Sync="TRUE">FacilityID</attrlabl><attalias Sync="TRUE">FacilityID</attalias><attrtype Sync="TRUE">Integer</attrtype><attwidth Sync="TRUE">10</attwidth><atprecis Sync="TRUE">10</atprecis><attscale Sync="TRUE">0</attscale></attr><attr><attrlabl Sync="TRUE">Name</attrlabl><attalias Sync="TRUE">Name</attalias><attrtype Sync="TRUE">String</attrtype><attwidth Sync="TRUE">254</attwidth><atprecis Sync="TRUE">0</atprecis><attscale Sync="TRUE">0</attscale></attr><attr><attrlabl Sync="TRUE">FromBreak</attrlabl><attalias Sync="TRUE">FromBreak</attalias><attrtype Sync="TRUE">Double</attrtype><attwidth Sync="TRUE">19</attwidth><atprecis Sync="TRUE">0</atprecis><attscale Sync="TRUE">0</attscale></attr><attr><attrlabl Sync="TRUE">ToBreak</attrlabl><attalias Sync="TRUE">ToBreak</attalias><attrtype Sync="TRUE">Double</attrtype><attwidth Sync="TRUE">19</attwidth><atprecis Sync="TRUE">0</atprecis><attscale Sync="TRUE">0</attscale></attr><attr><attrlabl Sync="TRUE">Turnout_ID</attrlabl><attalias Sync="TRUE">Turnout_ID</attalias><attrtype Sync="TRUE">String</attrtype><attwidth Sync="TRUE">30</attwidth><atprecis Sync="TRUE">0</atprecis><attscale Sync="TRUE">0</attscale></attr><attr><attrlabl Sync="TRUE">brig_name</attrlabl><attalias Sync="TRUE">brig_name</attalias><attrtype Sync="TRUE">String</attrtype><attwidth Sync="TRUE">254</attwidth><atprecis Sync="TRUE">0</atprecis><attscale Sync="TRUE">0</attscale></attr><attr><attrlabl Sync="TRUE">label</attrlabl><attalias Sync="TRUE">label</attalias><attrtype Sync="TRUE">String</attrtype><attwidth Sync="TRUE">254</attwidth><atprecis Sync="TRUE">0</atprecis><attscale Sync="TRUE">0</attscale></attr><attr><attrlabl Sync="TRUE">short_name</attrlabl><attalias Sync="TRUE">short_name</attalias><attrtype Sync="TRUE">String</attrtype><attwidth Sync="TRUE">254</attwidth><atprecis Sync="TRUE">0</atprecis><attscale Sync="TRUE">0</attscale></attr><attr><attrlabl Sync="TRUE">turnout_mi</attrlabl><attalias Sync="TRUE">turnout_mi</attalias><attrtype Sync="TRUE">Double</attrtype><attwidth Sync="TRUE">19</attwidth><atprecis Sync="TRUE">0</atprecis><attscale Sync="TRUE">0</attscale></attr><attr><attrlabl Sync="TRUE">firs_cat</attrlabl><attalias Sync="TRUE">firs_cat</attalias><attrtype Sync="TRUE">String</attrtype><attwidth Sync="TRUE">254</attwidth><atprecis Sync="TRUE">0</atprecis><attscale Sync="TRUE">0</attscale></attr><attr><attrlabl Sync="TRUE">fs_type</attrlabl><attalias Sync="TRUE">fs_type</attalias><attrtype Sync="TRUE">String</attrtype><attwidth Sync="TRUE">254</attwidth><atprecis Sync="TRUE">0</atprecis><attscale Sync="TRUE">0</attscale></attr><attr><attrlabl Sync="TRUE">calc_turno</attrlabl><attalias Sync="TRUE">calc_turno</attalias><attrtype Sync="TRUE">Double</attrtype><attwidth Sync="TRUE">19</attwidth><atprecis Sync="TRUE">0</atprecis><attscale Sync="TRUE">0</attscale></attr><attr><attrlabl Sync="TRUE">Turnout_La</attrlabl><attalias Sync="TRUE">Turnout_La</attalias><attrtype Sync="TRUE">String</attrtype><attwidth Sync="TRUE">254</attwidth><atprecis Sync="TRUE">0</atprecis><attscale Sync="TRUE">0</attscale></attr><attr><attrlabl Sync="TRUE">Shape_Leng</attrlabl><attalias Sync="TRUE">Shape_Leng</attalias><attrtype Sync="TRUE">Double</attrtype><attwidth Sync="TRUE">19</attwidth><atprecis Sync="TRUE">0</atprecis><attscale Sync="TRUE">0</attscale></attr><attr><attrlabl Sync="TRUE">Shape_Area</attrlabl><attalias Sync="TRUE">Shape_Area</attalias><attrtype Sync="TRUE">Double</attrtype><attwidth Sync="TRUE">19</attwidth><atprecis Sync="TRUE">0</atprecis><attscale Sync="TRUE">0</attscale><attrdef Sync="TRUE">Area of feature in internal units squared.</attrdef><attrdefs Sync="TRUE">Esri</attrdefs><attrdomv><udom Sync="TRUE">Positive real numbers that are automatically generated.</udom></attrdomv></attr><attr><attrlabl Sync="TRUE">Response_T</attrlabl><attalias Sync="TRUE">Response_T</attalias><attrtype Sync="TRUE">Double</attrtype><attwidth Sync="TRUE">19</attwidth><atprecis Sync="TRUE">0</atprecis><attscale Sync="TRUE">0</attscale></attr><attr><attrlabl Sync="TRUE">Brigade_Na</attrlabl><attalias Sync="TRUE">Brigade_Na</attalias><attrtype Sync="TRUE">String</attrtype><attwidth Sync="TRUE">150</attwidth><atprecis Sync="TRUE">0</atprecis><attscale Sync="TRUE">0</attscale></attr></detailed></eainfo><mdDateSt Sync="TRUE">20240822</mdDateSt></metadata>
