<?xml version="1.0" encoding="UTF-8"?>
<metadata xml:lang="en"><Esri><CreaDate>20240822</CreaDate><CreaTime>09285000</CreaTime><ArcGISFormat>1.0</ArcGISFormat><SyncOnce>TRUE</SyncOnce><DataProperties><lineage><Process ToolSource="c:\program files\arcgis\pro\Resources\ArcToolbox\toolboxes\Data Management Tools.tbx\CopyFeatures" Date="20240822" Time="092850">CopyFeatures "District Boundaries (Administrative)" "C:\Users\alexanderj\Documents\Repos\spatial_layers\District Boundaries (Administrative).shp" # # # #</Process></lineage></DataProperties></Esri></metadata>
